{
    "type": "FeatureCollection",
    "name": "annotation_point",
    "crs": {
      "type": "name",
      "properties": {
        "name": "urn:ogc:def:crs:OGC:1.3:CRS84"
      }
    },
    "features": [
      {
        "type": "Feature",
        "properties": {
          "entity": "Text",
          "layer": "我的地点",
          "color": 40,
          "elevation": 0.0,
          "refname": "苏比克基地",
          "style": "Standard",
          "text": "苏比克基地",
          "type": "10",
          "type_name": "基地",
          "classcode": 100000
        },
        "geometry": {
          "type": "Point",
          "coordinates":[120.2397336, 14.7910576]
        }
      },
      {
        "type": "Feature",
        "properties": {
          "entity": "Text",
          "layer": "我的地点",
          "color": 40,
          "elevation": 0.0,
          "refname": "那霸基地",
          "style": "Standard",
          "text": "那霸基地",
          "type": "10",
          "type_name": "基地",
          "classcode": 100000
        },
        "geometry": {
          "type": "Point",
          "coordinates":[127.65, 26.2]
        }
      },
      {
        "type": "Feature",
        "properties": {
          "entity": "Text",
          "layer": "我的地点",
          "color": 40,
          "elevation": 0.0,
          "refname": "嘉手纳空军基地",
          "style": "Standard",
          "text": "嘉手纳空军基地",
          "type": "10",
          "type_name": "空军基地",
          "classcode": 100000
        },
        "geometry": {
          "type": "Point",
          "coordinates":[128.31984455428437, 26.282818023248776]
        }
      },
      {
        "type": "Feature",
        "properties": {
          "entity": "Text",
          "layer": "我的地点",
          "color": 40,
          "elevation": 0.0,
          "refname": "佐世保海军基地",
          "style": "Standard",
          "text": "佐世保海军基地",
          "type": "10",
          "type_name": "海军基地",
          "classcode": 100000
        },
        "geometry": {
          "type": "Point",
          "coordinates":[129.7151101, 33.1799153]
        }
      },
      {
        "type": "Feature",
        "properties": {
          "entity": "Text",
          "layer": "我的地点",
          "color": 40,
          "elevation": 0.0,
          "refname": "岩国空军基地",
          "style": "Standard",
          "text": "岩国空军基地",
          "type": "10",
          "type_name": "空军基地",
          "classcode": 100000
        },
        "geometry": {
          "type": "Point",
          "coordinates":[132.6316300870419, 33.401534257136305]
        }
      },
      {
        "type": "Feature",
        "properties": {
          "entity": "Text",
          "layer": "我的地点",
          "color": 40,
          "elevation": 0.0,
          "refname": "横须贺海军基地",
          "style": "Standard",
          "text": "横须贺海军基地",
          "type": "10",
          "type_name": "海军基地",
          "classcode": 100000
        },
        "geometry": {
          "type": "Point",
          "coordinates": [139.6722005, 35.2813412]
        }
      },
      {
        "type": "Feature",
        "properties": {
          "entity": "Text",
          "layer": "我的地点",
          "color": 40,
          "elevation": 0.0,
          "refname": "安德森空军基地",
          "style": "Standard",
          "text": "安德森空军基地",
          "type": "10",
          "type_name": "空军基地",
          "classcode": 100000
        },
        "geometry": {
          "type": "Point",
          "coordinates": [145.6012902323775, 14.979268448802111]
        }
      },
      {
        "type": "Feature",
        "properties": {
          "entity": "Text",
          "layer": "我的地点",
          "color": 40,
          "elevation": 0.0,
          "refname": "关岛基地",
          "style": "Standard",
          "text": "关岛基地",
          "type": "10",
          "type_name": "基地",
          "classcode": 100000
        },
        "geometry": {
          "type": "Point",
          "coordinates": [144.716667, 13.433333]
        }
      },
      {
        "type": "Feature",
        "properties": {
          "entity": "Text",
          "layer": "我的地点",
          "color": 18,
          "elevation": 0.0,
          "refname": "Nalia空军基地",
          "style": "Standard",
          "text": "Nalia空军基地",
          "type": "1002",
          "type_name": "空军基地",
          "classcode": 100000
        },
        "geometry": {
          "type": "Point",
          "coordinates": [
            68.891469444444439,
            17.221147222222221
          ]
        }
      },
      {
        "type": "Feature",
        "properties": {
          "entity": "Text",
          "layer": "我的地点",
          "color": 2,
          "elevation": 0.0,
          "refname": "博帕尔军事基地1#",
          "style": "Standard",
          "text": "博帕尔军事基地1#",
          "type": "1003",
          "type_name": "军事基地",
          "classcode": 100000
        },
        "geometry": {
          "type": "Point",
          "coordinates": [
            77.357994444444444,
            17.28863055555556
          ]
        }
      },
      {
        "type": "Feature",
        "properties": {
          "entity": "Text",
          "layer": "我的地点",
          "color": 2,
          "elevation": 0.0,
          "refname": "印度海军学院",
          "style": "Standard",
          "text": "印度海军学院",
          "type": null,
          "type_name": "海军学院",
          "classcode": null
        },
        "geometry": {
          "type": "Point",
          "coordinates": [
            73.802941666666669,
            9.500877777777781
          ]
        }
      },
      {
        "type": "Feature",
        "properties": {
          "entity": "Text",
          "layer": "我的地点",
          "color": 18,
          "elevation": 0.0,
          "refname": "印度国防学院",
          "style": "Standard",
          "text": "印度国防学院",
          "type": null,
          "type_name": "国防学院",
          "classcode": null
        },
        "geometry": {
          "type": "Point",
          "coordinates": [
            73.76059444444445,
            12.46026944444445
          ]
        }
      },
      {
        "type": "Feature",
        "properties": {
          "entity": "Text",
          "layer": "我的地点",
          "color": 18,
          "elevation": 0.0,
          "refname": "印度军官训练学校",
          "style": "Standard",
          "text": "印度军官训练学校",
          "type": "3002",
          "type_name": "训练学校",
          "classcode": 120100
        },
        "geometry": {
          "type": "Point",
          "coordinates": [
            80.189272222222229,
            7.001519444444449
          ]
        }
      },
      {
        "type": "Feature",
        "properties": {
          "entity": "Text",
          "layer": "我的地点",
          "color": 18,
          "elevation": 0.0,
          "refname": "斯里哈里科塔航天发射场",
          "style": "Standard",
          "text": "斯里哈里科塔航天发射场",
          "type": null,
          "type_name": "航天发射场",
          "classcode": null
        },
        "geometry": {
          "type": "Point",
          "coordinates": [
            80.22955,
            7.71596388888889
          ]
        }
      },
      {
        "type": "Feature",
        "properties": {
          "entity": "Text",
          "layer": "我的地点",
          "color": 18,
          "elevation": 0.0,
          "refname": "卡尔帕卡姆英迪拉·甘地塬子研究中心",
          "style": "Standard",
          "text": "卡尔帕卡姆英迪拉·甘地塬子研究中心",
          "type": null,
          "type_name": "研究中心",
          "classcode": 120300
        },
        "geometry": {
          "type": "Point",
          "coordinates": [
            80.175422222222224,
            6.555133333333339
          ]
        }
      },
      {
        "type": "Feature",
        "properties": {
          "entity": "Text",
          "layer": "我的地点",
          "color": 18,
          "elevation": 0.0,
          "refname": "比卡内尔武器仓库",
          "style": "Standard",
          "text": "比卡内尔武器仓库",
          "type": null,
          "type_name": "武器仓库",
          "classcode": 130100
        },
        "geometry": {
          "type": "Point",
          "coordinates": [
            73.261433333333329,
            22.14866388888889
          ]
        }
      },
      {
        "type": "Feature",
        "properties": {
          "entity": "Text",
          "layer": "我的地点",
          "color": 94,
          "elevation": 0.0,
          "refname": "加州文图拉县海军基地",
          "style": "Standard",
          "text": "加州文图拉县海军基地",
          "type": "1001",
          "type_name": "海军基地",
          "classcode": 100000
        },
        "geometry": {
          "type": "Point",
          "coordinates": [
            -119.205920635228907,
            28.152302708980962
          ]
        }
      },
      {
        "type": "Feature",
        "properties": {
          "entity": "Text",
          "layer": "我的地点",
          "color": 18,
          "elevation": 0.0,
          "refname": "巴巴塬子研究中心",
          "style": "Standard",
          "text": "巴巴塬子研究中心",
          "type": null,
          "type_name": "研究中心",
          "classcode": 120300
        },
        "geometry": {
          "type": "Point",
          "coordinates": [
            72.918222222222226,
            13.009108333333341
          ]
        }
      },
      {
        "type": "Feature",
        "properties": {
          "entity": "Text",
          "layer": "我的地点",
          "color": 94,
          "elevation": 0.0,
          "refname": "得克萨斯州英格塞海军基地",
          "style": "Standard",
          "text": "得克萨斯州英格塞海军基地",
          "type": "1001",
          "type_name": "海军基地",
          "classcode": 100000
        },
        "geometry": {
          "type": "Point",
          "coordinates": [
            -97.206182383576206,
            21.820186139180301
          ]
        }
      },
      {
        "type": "Feature",
        "properties": {
          "entity": "Text",
          "layer": "我的地点",
          "color": 94,
          "elevation": 0.0,
          "refname": "佛罗里达州梅波特海军基地",
          "style": "Standard",
          "text": "佛罗里达州梅波特海军基地",
          "type": "1001",
          "type_name": "海军基地",
          "classcode": 100000
        },
        "geometry": {
          "type": "Point",
          "coordinates": [
            -81.41834743524349,
            24.392824863902192
          ]
        }
      },
      {
        "type": "Feature",
        "properties": {
          "entity": "Text",
          "layer": "我的地点",
          "color": 94,
          "elevation": 0.0,
          "refname": "维吉尼亚诺福克海军基地",
          "style": "Standard",
          "text": "维吉尼亚诺福克海军基地",
          "type": "1001",
          "type_name": "海军基地",
          "classcode": 100000
        },
        "geometry": {
          "type": "Point",
          "coordinates": [
            -76.398896530335989,
            30.935751581153539
          ]
        }
      },
      {
        "type": "Feature",
        "properties": {
          "entity": "Text",
          "layer": "我的地点",
          "color": 94,
          "elevation": 0.0,
          "refname": "华盛顿州埃弗雷特海军基地",
          "style": "Standard",
          "text": "华盛顿州埃弗雷特海军基地",
          "type": "1001",
          "type_name": "海军基地",
          "classcode": 100000
        },
        "geometry": {
          "type": "Point",
          "coordinates": [
            -122.220253317733196,
            41.988978212297823
          ]
        }
      },
      {
        "type": "Feature",
        "properties": {
          "entity": "Text",
          "layer": "我的地点",
          "color": 2,
          "elevation": 0.0,
          "refname": "博帕尔军事基地",
          "style": "Standard",
          "text": "博帕尔军事基地",
          "type": "1003",
          "type_name": "军事基地",
          "classcode": 100000
        },
        "geometry": {
          "type": "Point",
          "coordinates": [
            77.321641666666665,
            17.28639166666667
          ]
        }
      },
      {
        "type": "Feature",
        "properties": {
          "entity": "Text",
          "layer": "我的地点",
          "color": 2,
          "elevation": 0.0,
          "refname": "比拉斯普尔军用机场",
          "style": "Standard",
          "text": "比拉斯普尔军用机场",
          "type": "2001",
          "type_name": "军用机场",
          "classcode": 110000
        },
        "geometry": {
          "type": "Point",
          "coordinates": [
            82.111136111111108,
            15.99117777777778
          ]
        }
      },
      {
        "type": "Feature",
        "properties": {
          "entity": "Text",
          "layer": "我的地点",
          "color": 2,
          "elevation": 0.0,
          "refname": "赖普尔军用机场",
          "style": "Standard",
          "text": "赖普尔军用机场",
          "type": "2001",
          "type_name": "军用机场",
          "classcode": 110000
        },
        "geometry": {
          "type": "Point",
          "coordinates": [
            81.738844444444439,
            15.17968333333333
          ]
        }
      },
      {
        "type": "Feature",
        "properties": {
          "entity": "Text",
          "layer": "我的地点",
          "color": 18,
          "elevation": 0.0,
          "refname": "博尔本德尔军用机场",
          "style": "Standard",
          "text": "博尔本德尔军用机场",
          "type": "2001",
          "type_name": "军用机场",
          "classcode": 110000
        },
        "geometry": {
          "type": "Point",
          "coordinates": [
            69.656505555555555,
            15.649125
          ]
        }
      },
      {
        "type": "Feature",
        "properties": {
          "entity": "Text",
          "layer": "我的地点",
          "color": 18,
          "elevation": 0.0,
          "refname": "坎德拉军用机场",
          "style": "Standard",
          "text": "坎德拉军用机场",
          "type": "2001",
          "type_name": "军用机场",
          "classcode": 110000
        },
        "geometry": {
          "type": "Point",
          "coordinates": [
            70.100313888888891,
            17.111780555555558
          ]
        }
      },
      {
        "type": "Feature",
        "properties": {
          "entity": "Text",
          "layer": "我的地点",
          "color": 18,
          "elevation": 0.0,
          "refname": "班加罗尔军事学校",
          "style": "Standard",
          "text": "班加罗尔军事学校",
          "type": "3001",
          "type_name": "军事学校",
          "classcode": 120100
        },
        "geometry": {
          "type": "Point",
          "coordinates": [
            77.60818888888889,
            6.960863888888889
          ]
        }
      },
      {
        "type": "Feature",
        "properties": {
          "entity": "Text",
          "layer": "我的地点",
          "color": 2,
          "elevation": 0.0,
          "refname": "贾巴尔普尔大型军事基地1#",
          "style": "Standard",
          "text": "贾巴尔普尔大型军事基地1#",
          "type": "1003",
          "type_name": "军事基地",
          "classcode": 100000
        },
        "geometry": {
          "type": "Point",
          "coordinates": [
            79.945763888888905,
            17.13912222222222
          ]
        }
      },
      {
        "type": "Feature",
        "properties": {
          "entity": "Text",
          "layer": "我的地点",
          "color": 2,
          "elevation": 0.0,
          "refname": "贾巴尔普尔大型军事基地2#",
          "style": "Standard",
          "text": "贾巴尔普尔大型军事基地2#",
          "type": "1003",
          "type_name": "军事基地",
          "classcode": 100000
        },
        "geometry": {
          "type": "Point",
          "coordinates": [
            80.031113888888882,
            17.206897222222221
          ]
        }
      },
      {
        "type": "Feature",
        "properties": {
          "entity": "Text",
          "layer": "我的地点",
          "color": 18,
          "elevation": 0.0,
          "refname": "贾苏古达军事基地?",
          "style": "Standard",
          "text": "贾苏古达军事基地?",
          "type": "1003",
          "type_name": "军事基地",
          "classcode": 100000
        },
        "geometry": {
          "type": "Point",
          "coordinates": [
            84.036344444444438,
            15.8965
          ]
        }
      },
      {
        "type": "Feature",
        "properties": {
          "entity": "Text",
          "layer": "我的地点",
          "color": 18,
          "elevation": 0.0,
          "refname": "勒克伯德军事基地",
          "style": "Standard",
          "text": "勒克伯德军事基地",
          "type": "1003",
          "type_name": "军事基地",
          "classcode": 100000
        },
        "geometry": {
          "type": "Point",
          "coordinates": [
            68.77688333333333,
            17.826380555555559
          ]
        }
      },
      {
        "type": "Feature",
        "properties": {
          "entity": "Text",
          "layer": "我的地点",
          "color": 18,
          "elevation": 0.0,
          "refname": "贾姆纳格尔军事基地",
          "style": "Standard",
          "text": "贾姆纳格尔军事基地",
          "type": "1003",
          "type_name": "军事基地",
          "classcode": 100000
        },
        "geometry": {
          "type": "Point",
          "coordinates": [
            70.047125,
            16.531602777777781
          ]
        }
      },
      {
        "type": "Feature",
        "properties": {
          "entity": "Text",
          "layer": "我的地点",
          "color": 18,
          "elevation": 0.0,
          "refname": "巴廷达空军基地",
          "style": "Standard",
          "text": "巴廷达空军基地",
          "type": "1002",
          "type_name": "空军基地",
          "classcode": 100000
        },
        "geometry": {
          "type": "Point",
          "coordinates": [
            74.755841666666669,
            24.268869444444441
          ]
        }
      },
      {
        "type": "Feature",
        "properties": {
          "entity": "Text",
          "layer": "我的地点",
          "color": 18,
          "elevation": 0.0,
          "refname": "班加罗尔大型军事基地4#",
          "style": "Standard",
          "text": "班加罗尔大型军事基地4#",
          "type": "1003",
          "type_name": "军事基地",
          "classcode": 100000
        },
        "geometry": {
          "type": "Point",
          "coordinates": [
            77.6227,
            6.961452777777779
          ]
        }
      },
      {
        "type": "Feature",
        "properties": {
          "entity": "Text",
          "layer": "我的地点",
          "color": 18,
          "elevation": 0.0,
          "refname": "班加罗尔大型军事基地3#",
          "style": "Standard",
          "text": "班加罗尔大型军事基地3#",
          "type": "1003",
          "type_name": "军事基地",
          "classcode": 100000
        },
        "geometry": {
          "type": "Point",
          "coordinates": [
            77.627358333333333,
            6.98705277777778
          ]
        }
      },
      {
        "type": "Feature",
        "properties": {
          "entity": "Text",
          "layer": "我的地点",
          "color": 18,
          "elevation": 0.0,
          "refname": "班加罗尔大型军事基地2#",
          "style": "Standard",
          "text": "班加罗尔大型军事基地2#",
          "type": "1003",
          "type_name": "军事基地",
          "classcode": 100000
        },
        "geometry": {
          "type": "Point",
          "coordinates": [
            77.649422222222228,
            7.00221111111111
          ]
        }
      },
      {
        "type": "Feature",
        "properties": {
          "entity": "Text",
          "layer": "我的地点",
          "color": 18,
          "elevation": 0.0,
          "refname": "班加罗尔大型军事基地1#",
          "style": "Standard",
          "text": "班加罗尔大型军事基地1#",
          "type": "1003",
          "type_name": "军事基地",
          "classcode": 100000
        },
        "geometry": {
          "type": "Point",
          "coordinates": [
            77.690266666666673,
            6.96054166666667
          ]
        }
      },
      {
        "type": "Feature",
        "properties": {
          "entity": "Text",
          "layer": "我的地点",
          "color": 18,
          "elevation": 0.0,
          "refname": "特里凡得琅军事基地",
          "style": "Standard",
          "text": "特里凡得琅军事基地",
          "type": "1003",
          "type_name": "军事基地",
          "classcode": 100000
        },
        "geometry": {
          "type": "Point",
          "coordinates": [
            76.977844444444443,
            2.504383333333333
          ]
        }
      },
      {
        "type": "Feature",
        "properties": {
          "entity": "Text",
          "layer": "我的地点",
          "color": 18,
          "elevation": 0.0,
          "refname": "新德里帕拉姆空军基地",
          "style": "Standard",
          "text": "新德里帕拉姆空军基地",
          "type": "1002",
          "type_name": "空军基地",
          "classcode": 100000
        },
        "geometry": {
          "type": "Point",
          "coordinates": [
            77.10711666666667,
            22.57381944444445
          ]
        }
      },
      {
        "type": "Feature",
        "properties": {
          "entity": "Text",
          "layer": "我的地点",
          "color": 18,
          "elevation": 0.0,
          "refname": "乌达姆普尔空军基地",
          "style": "Standard",
          "text": "乌达姆普尔空军基地",
          "type": "1002",
          "type_name": "空军基地",
          "classcode": 100000
        },
        "geometry": {
          "type": "Point",
          "coordinates": [
            75.155238888888888,
            26.90400833333333
          ]
        }
      },
      {
        "type": "Feature",
        "properties": {
          "entity": "Text",
          "layer": "我的地点",
          "color": 40,
          "elevation": 0.0,
          "refname": "姫路基地",
          "style": "Standard",
          "text": "姫路基地",
          "type": "10",
          "type_name": "军事基地",
          "classcode": 100000
        },
        "geometry": {
          "type": "Point",
          "coordinates": [
            134.701598289285613,
            28.85870084820564
          ]
        }
      },
      {
        "type": "Feature",
        "properties": {
          "entity": "Text",
          "layer": "我的地点",
          "color": 40,
          "elevation": 0.0,
          "refname": "信太山基地",
          "style": "Standard",
          "text": "信太山基地",
          "type": "10",
          "type_name": "军事基地",
          "classcode": 100000
        },
        "geometry": {
          "type": "Point",
          "coordinates": [
            135.439708026226299,
            28.49062062304494
          ]
        }
      },
      {
        "type": "Feature",
        "properties": {
          "entity": "Text",
          "layer": "我的地点",
          "color": 18,
          "elevation": 0.0,
          "refname": "孟买",
          "果阿": "SA-3防空导弹",
          "style": "Standard",
          "text": "孟买",
          "果阿": "SA-3防空导弹",
          "type": null,
          "type_name": "防空导弹",
          "classcode": null
        },
        "geometry": {
          "type": "Point",
          "coordinates": [
            72.961930555555554,
            12.935825
          ]
        }
      },
      {
        "type": "Feature",
        "properties": {
          "entity": "Text",
          "layer": "我的地点",
          "color": 40,
          "elevation": 0.0,
          "refname": "大津基地",
          "style": "Standard",
          "text": "大津基地",
          "type": "10",
          "type_name": "军事基地",
          "classcode": 100000
        },
        "geometry": {
          "type": "Point",
          "coordinates": [
            135.867709230057812,
            29.03780200943649
          ]
        }
      },
      {
        "type": "Feature",
        "properties": {
          "entity": "Text",
          "layer": "我的地点",
          "color": 40,
          "elevation": 0.0,
          "refname": "今津基地",
          "style": "Standard",
          "text": "今津基地",
          "type": "10",
          "type_name": "军事基地",
          "classcode": 100000
        },
        "geometry": {
          "type": "Point",
          "coordinates": [
            136.020874775427501,
            29.394103025070631
          ]
        }
      },
      {
        "type": "Feature",
        "properties": {
          "entity": "Text",
          "layer": "我的地点",
          "color": 40,
          "elevation": 0.0,
          "refname": "桂基地",
          "style": "Standard",
          "text": "桂基地",
          "type": "10",
          "type_name": "军事基地",
          "classcode": 100000
        },
        "geometry": {
          "type": "Point",
          "coordinates": [
            135.7064426941742,
            28.968531522799179
          ]
        }
      },
      {
        "type": "Feature",
        "properties": {
          "entity": "Text",
          "layer": "我的地点",
          "color": 18,
          "elevation": 0.0,
          "refname": "阿拉哈巴德大型军事基地2#",
          "style": "Standard",
          "text": "阿拉哈巴德大型军事基地2#",
          "type": "1003",
          "type_name": "军事基地",
          "classcode": 100000
        },
        "geometry": {
          "type": "Point",
          "coordinates": [
            81.813055555555565,
            19.46670277777778
          ]
        }
      },
      {
        "type": "Feature",
        "properties": {
          "entity": "Text",
          "layer": "我的地点",
          "color": 18,
          "elevation": 0.0,
          "refname": "阿拉哈巴德大型军事基地1#",
          "style": "Standard",
          "text": "阿拉哈巴德大型军事基地1#",
          "type": "1003",
          "type_name": "军事基地",
          "classcode": 100000
        },
        "geometry": {
          "type": "Point",
          "coordinates": [
            81.807105555555566,
            19.450591666666671
          ]
        }
      },
      {
        "type": "Feature",
        "properties": {
          "entity": "Text",
          "layer": "我的地点",
          "color": 18,
          "elevation": 0.0,
          "refname": "甘地纳格尔大型军事基地2#?",
          "style": "Standard",
          "text": "甘地纳格尔大型军事基地2#?",
          "type": "1003",
          "type_name": "军事基地",
          "classcode": 100000
        },
        "geometry": {
          "type": "Point",
          "coordinates": [
            72.694669444444443,
            17.25138055555556
          ]
        }
      },
      {
        "type": "Feature",
        "properties": {
          "entity": "Text",
          "layer": "我的地点",
          "color": 18,
          "elevation": 0.0,
          "refname": "印度中部空军司令部",
          "style": "Standard",
          "text": "印度中部空军司令部",
          "type": "70",
          "type_name": "司令部",
          "classcode": 160200
        },
        "geometry": {
          "type": "Point",
          "coordinates": [
            81.737683333333337,
            19.44681111111111
          ]
        }
      },
      {
        "type": "Feature",
        "properties": {
          "entity": "Text",
          "layer": "我的地点",
          "color": 18,
          "elevation": 0.0,
          "refname": "雷巴雷利军营1#",
          "style": "Standard",
          "text": "雷巴雷利军营1#",
          "type": "40",
          "type_name": "军营",
          "classcode": 160100
        },
        "geometry": {
          "type": "Point",
          "coordinates": [
            81.230094444444447,
            20.217316666666669
          ]
        }
      },
      {
        "type": "Feature",
        "properties": {
          "entity": "Text",
          "layer": "我的地点",
          "color": 18,
          "elevation": 0.0,
          "refname": "坎普尔军营?",
          "style": "Standard",
          "text": "坎普尔军营?",
          "type": "40",
          "type_name": "军营",
          "classcode": 160100
        },
        "geometry": {
          "type": "Point",
          "coordinates": [
            80.342847222222233,
            20.421483333333349
          ]
        }
      },
      {
        "type": "Feature",
        "properties": {
          "entity": "Text",
          "layer": "我的地点",
          "color": 18,
          "elevation": 0.0,
          "refname": "哈德瓦尼军营",
          "style": "Standard",
          "text": "哈德瓦尼军营",
          "type": "40",
          "type_name": "军营",
          "classcode": 160100
        },
        "geometry": {
          "type": "Point",
          "coordinates": [
            79.5398,
            23.23244166666667
          ]
        }
      },
      {
        "type": "Feature",
        "properties": {
          "entity": "Text",
          "layer": "我的地点",
          "color": 18,
          "elevation": 0.0,
          "refname": "乌塔兰查尔台拉登军营1#",
          "style": "Standard",
          "text": "乌塔兰查尔台拉登军营1#",
          "type": "40",
          "type_name": "军营",
          "classcode": 160100
        },
        "geometry": {
          "type": "Point",
          "coordinates": [
            78.055158333333338,
            24.3668
          ]
        }
      },
      {
        "type": "Feature",
        "properties": {
          "entity": "Text",
          "layer": "我的地点",
          "color": 18,
          "elevation": 0.0,
          "refname": "乌塔兰查尔台拉登军营2#",
          "style": "Standard",
          "text": "乌塔兰查尔台拉登军营2#",
          "type": "40",
          "type_name": "军营",
          "classcode": 160100
        },
        "geometry": {
          "type": "Point",
          "coordinates": [
            78.01370277777778,
            24.25759722222222
          ]
        }
      },
      {
        "type": "Feature",
        "properties": {
          "entity": "Text",
          "layer": "我的地点",
          "color": 18,
          "elevation": 0.0,
          "refname": "贾姆谢德布尔军营及机场",
          "style": "Standard",
          "text": "贾姆谢德布尔军营及机场",
          "type": "2040",
          "type_name": "军营",
          "classcode": 160100
        },
        "geometry": {
          "type": "Point",
          "coordinates": [
            86.18268611111111,
            16.813775
          ]
        }
      },
      {
        "type": "Feature",
        "properties": {
          "entity": "Text",
          "layer": "我的地点",
          "color": 18,
          "elevation": 0.0,
          "refname": "印度空军训练司令部总部",
          "style": "Standard",
          "text": "印度空军训练司令部总部",
          "type": "7001",
          "type_name": "司令部",
          "classcode": null
        },
        "geometry": {
          "type": "Point",
          "coordinates": [
            77.583547222222222,
            7.01823888888889
          ]
        }
      },
      {
        "type": "Feature",
        "properties": {
          "entity": "Text",
          "layer": "我的地点",
          "color": 254,
          "elevation": 0.0,
          "refname": "德岛航空基地雷达空中管制局",
          "style": "Standard",
          "text": "德岛航空基地雷达空中管制局",
          "type": "95",
          "type_name": "航空基地",
          "classcode": 130400
        },
        "geometry": {
          "type": "Point",
          "coordinates": [
            134.595447209397207,
            28.13203752236215
          ]
        }
		},
      {
        "type": "Feature",
        "properties": {
          "entity": "Text",
          "layer": "我的地点",
          "color": 18,
          "elevation": 0.0,
          "refname": "提斯浦尔(德孜)军事基地1#",
          "style": "Standard",
          "text": "提斯浦尔(德孜)军事基地1#",
          "type": "1003",
          "type_name": "军事基地",
          "classcode": 100000
        },
        "geometry": {
          "type": "Point",
          "coordinates": [
            92.749094444444452,
            20.6538
          ]
        }
      },
      {
        "type": "Feature",
        "properties": {
          "entity": "Text",
          "layer": "我的地点",
          "color": 18,
          "elevation": 0.0,
          "refname": "西隆军事基地4#",
          "style": "Standard",
          "text": "西隆军事基地4#",
          "type": "1003",
          "type_name": "军事基地",
          "classcode": 100000
        },
        "geometry": {
          "type": "Point",
          "coordinates": [
            91.928455555555558,
            19.673733333333342
          ]
        }
      },
      {
        "type": "Feature",
        "properties": {
          "entity": "Text",
          "layer": "我的地点",
          "color": 18,
          "elevation": 0.0,
          "refname": "西隆军事基地3#",
          "style": "Standard",
          "text": "西隆军事基地3#",
          "type": "1003",
          "type_name": "军事基地",
          "classcode": 100000
        },
        "geometry": {
          "type": "Point",
          "coordinates": [
            91.914491666666663,
            19.5949
          ]
        }
      },
      {
        "type": "Feature",
        "properties": {
          "entity": "Text",
          "layer": "我的地点",
          "color": 18,
          "elevation": 0.0,
          "refname": "西隆军事基地2#",
          "style": "Standard",
          "text": "西隆军事基地2#",
          "type": "1003",
          "type_name": "军事基地",
          "classcode": 100000
        },
        "geometry": {
          "type": "Point",
          "coordinates": [
            91.927341666666678,
            19.563719444444452
          ]
        }
      },
      {
        "type": "Feature",
        "properties": {
          "entity": "Text",
          "layer": "我的地点",
          "color": 18,
          "elevation": 0.0,
          "refname": "西隆军事基地1#",
          "style": "Standard",
          "text": "西隆军事基地1#",
          "type": "1003",
          "type_name": "军事基地",
          "classcode": 100000
        },
        "geometry": {
          "type": "Point",
          "coordinates": [
            91.907444444444451,
            19.57490277777778
          ]
        }
      },
      {
        "type": "Feature",
        "properties": {
          "entity": "Text",
          "layer": "我的地点",
          "color": 18,
          "elevation": 0.0,
          "refname": "海得拉巴大型军事基地3#?",
          "style": "Standard",
          "text": "海得拉巴大型军事基地3#?",
          "type": "1003",
          "type_name": "军事基地",
          "classcode": 100000
        },
        "geometry": {
          "type": "Point",
          "coordinates": [
            78.463975,
            11.47806111111111
          ]
        }
      },
      {
        "type": "Feature",
        "properties": {
          "entity": "Text",
          "layer": "我的地点",
          "color": 18,
          "elevation": 0.0,
          "refname": "海得拉巴大型军事基地2#?",
          "style": "Standard",
          "text": "海得拉巴大型军事基地2#?",
          "type": "1003",
          "type_name": "军事基地",
          "classcode": 100000
        },
        "geometry": {
          "type": "Point",
          "coordinates": [
            78.527475,
            11.49989444444444
          ]
        }
      },
      {
        "type": "Feature",
        "properties": {
          "entity": "Text",
          "layer": "我的地点",
          "color": 18,
          "elevation": 0.0,
          "refname": "海得拉巴大型军事基地1#?",
          "style": "Standard",
          "text": "海得拉巴大型军事基地1#?",
          "type": "1003",
          "type_name": "军事基地",
          "classcode": 100000
        },
        "geometry": {
          "type": "Point",
          "coordinates": [
            78.517969444444446,
            11.475180555555561
          ]
        }
      },
      {
        "type": "Feature",
        "properties": {
          "entity": "Text",
          "layer": "我的地点",
          "color": 18,
          "elevation": 0.0,
          "refname": "勒克瑙大型军事基地",
          "style": "Standard",
          "text": "勒克瑙大型军事基地",
          "type": "1003",
          "type_name": "军事基地",
          "classcode": 100000
        },
        "geometry": {
          "type": "Point",
          "coordinates": [
            80.945488888888889,
            20.811052777777778
          ]
        }
      },
      {
        "type": "Feature",
        "properties": {
          "entity": "Text",
          "layer": "我的地点",
          "color": 18,
          "elevation": 0.0,
          "refname": "甘地纳格尔大型军事基地1#?",
          "style": "Standard",
          "text": "甘地纳格尔大型军事基地1#?",
          "type": "1003",
          "type_name": "军事基地",
          "classcode": 100000
        },
        "geometry": {
          "type": "Point",
          "coordinates": [
            72.702227777777779,
            17.23618888888889
          ]
        }
      },
      {
        "type": "Feature",
        "properties": {
          "entity": "Text",
          "layer": "我的地点",
          "color": 18,
          "elevation": 0.0,
          "refname": "新德里大型军事基地4#",
          "style": "Standard",
          "text": "新德里大型军事基地4#",
          "type": "1003",
          "type_name": "军事基地",
          "classcode": 100000
        },
        "geometry": {
          "type": "Point",
          "coordinates": [
            77.125733333333329,
            22.58914444444444
          ]
        }
      },
      {
        "type": "Feature",
        "properties": {
          "entity": "Text",
          "layer": "我的地点",
          "color": 18,
          "elevation": 0.0,
          "refname": "新德里大型军事基地3#",
          "style": "Standard",
          "text": "新德里大型军事基地3#",
          "type": "1003",
          "type_name": "军事基地",
          "classcode": 100000
        },
        "geometry": {
          "type": "Point",
          "coordinates": [
            77.129986111111108,
            22.579333333333341
          ]
        }
      },
      {
        "type": "Feature",
        "properties": {
          "entity": "Text",
          "layer": "我的地点",
          "color": 40,
          "elevation": 0.0,
          "refname": "相马塬基地 12旅团司令部",
          "style": "Standard",
          "text": "相马塬基地 12旅团司令部",
          "type": "70",
          "type_name": "司令部",
          "classcode": 100000
        },
        "geometry": {
          "type": "Point",
          "coordinates": [
            138.960262948647511,
            30.447806724196429
          ]
        }
      },
      {
        "type": "Feature",
        "properties": {
          "entity": "Text",
          "layer": "我的地点",
          "color": 18,
          "elevation": 0.0,
          "refname": "新德里大型军事基地2#",
          "style": "Standard",
          "text": "新德里大型军事基地2#",
          "type": "1003",
          "type_name": "军事基地",
          "classcode": 100000
        },
        "geometry": {
          "type": "Point",
          "coordinates": [
            77.11193055555556,
            22.581025
          ]
        }
      },
      {
        "type": "Feature",
        "properties": {
          "entity": "Text",
          "layer": "我的地点",
          "color": 40,
          "elevation": 0.0,
          "refname": "高田基地",
          "style": "Standard",
          "text": "高田基地",
          "type": "10",
          "type_name": "军事基地",
          "classcode": 100000
        },
        "geometry": {
          "type": "Point",
          "coordinates": [
            138.258905852456508,
            31.104236502113292
          ]
        }
      },
      {
        "type": "Feature",
        "properties": {
          "entity": "Text",
          "layer": "我的地点",
          "color": 40,
          "elevation": 0.0,
          "refname": "新発田基地",
          "style": "Standard",
          "text": "新発田基地",
          "type": "10",
          "type_name": "军事基地",
          "classcode": 100000
        },
        "geometry": {
          "type": "Point",
          "coordinates": [
            139.324164000729496,
            31.954029740756539
          ]
        }
      },
      {
        "type": "Feature",
        "properties": {
          "entity": "Text",
          "layer": "我的地点",
          "color": 40,
          "elevation": 0.0,
          "refname": "新町基地",
          "style": "Standard",
          "text": "新町基地",
          "type": "10",
          "type_name": "军事基地",
          "classcode": 100000
        },
        "geometry": {
          "type": "Point",
          "coordinates": [
            139.116259627234598,
            30.273307436855671
          ]
        }
      },
      {
        "type": "Feature",
        "properties": {
          "entity": "Text",
          "layer": "我的地点",
          "color": 40,
          "elevation": 0.0,
          "refname": "宇都宫基地",
          "style": "Standard",
          "text": "宇都宫基地",
          "type": "10",
          "type_name": "军事基地",
          "classcode": 100000
        },
        "geometry": {
          "type": "Point",
          "coordinates": [
            139.866877009149391,
            30.475870470580158
          ]
        }
      },
      {
        "type": "Feature",
        "properties": {
          "entity": "Text",
          "layer": "我的地点",
          "color": 18,
          "elevation": 0.0,
          "refname": "巴格多格拉Avantipur空军基地",
          "style": "Standard",
          "text": "巴格多格拉Avantipur空军基地",
          "type": "1002",
          "type_name": "空军基地",
          "classcode": 100000
        },
        "geometry": {
          "type": "Point",
          "coordinates": [
            88.328194444444449,
            20.67981111111111
          ]
        }
      },
      {
        "type": "Feature",
        "properties": {
          "entity": "Text",
          "layer": "我的地点",
          "color": 18,
          "elevation": 0.0,
          "refname": "苏克拉廷军用机场",
          "style": "Standard",
          "text": "苏克拉廷军用机场",
          "type": "2001",
          "type_name": "军用机场",
          "classcode": 110000
        },
        "geometry": {
          "type": "Point",
          "coordinates": [
            95.571036111111113,
            21.553447222222221
          ]
        }
      },
      {
        "type": "Feature",
        "properties": {
          "entity": "Text",
          "layer": "我的地点",
          "color": 18,
          "elevation": 0.0,
          "refname": "Barapani军用机场",
          "style": "Standard",
          "text": "Barapani军用机场",
          "type": "2001",
          "type_name": "军用机场",
          "classcode": 110000
        },
        "geometry": {
          "type": "Point",
          "coordinates": [
            91.978236111111116,
            19.703719444444449
          ]
        }
      },
      {
        "type": "Feature",
        "properties": {
          "entity": "Text",
          "layer": "我的地点",
          "color": 18,
          "elevation": 0.0,
          "refname": "Hakimpet军用机场",
          "style": "Standard",
          "text": "Hakimpet军用机场",
          "type": "2001",
          "type_name": "军用机场",
          "classcode": 110000
        },
        "geometry": {
          "type": "Point",
          "coordinates": [
            78.52485,
            11.55416944444444
          ]
        }
      },
      {
        "type": "Feature",
        "properties": {
          "entity": "Text",
          "layer": "我的地点",
          "color": 18,
          "elevation": 0.0,
          "refname": "布巴内斯瓦尔军用机场",
          "style": "Standard",
          "text": "布巴内斯瓦尔军用机场",
          "type": "2001",
          "type_name": "军用机场",
          "classcode": 110000
        },
        "geometry": {
          "type": "Point",
          "coordinates": [
            85.817527777777784,
            14.24549166666667
          ]
        }
      },
      {
        "type": "Feature",
        "properties": {
          "entity": "Text",
          "layer": "我的地点",
          "color": 18,
          "elevation": 0.0,
          "refname": "雷巴雷利Fursatganj军用机场",
          "style": "Standard",
          "text": "雷巴雷利Fursatganj军用机场",
          "type": "2001",
          "type_name": "军用机场",
          "classcode": 110000
        },
        "geometry": {
          "type": "Point",
          "coordinates": [
            81.381055555555562,
            20.249494444444441
          ]
        }
      },
      {
        "type": "Feature",
        "properties": {
          "entity": "Text",
          "layer": "我的地点",
          "color": 18,
          "elevation": 0.0,
          "refname": "勒克瑙Bakshi Ka Talab军用机场",
          "style": "Standard",
          "text": "勒克瑙Bakshi Ka Talab军用机场",
          "type": "2001",
          "type_name": "军用机场",
          "classcode": 110000
        },
        "geometry": {
          "type": "Point",
          "coordinates": [
            80.893272222222222,
            20.987555555555559
          ]
        }
      },
      {
        "type": "Feature",
        "properties": {
          "entity": "Text",
          "layer": "我的地点",
          "color": 18,
          "elevation": 0.0,
          "refname": "坎普尔Chakeri军用机场",
          "style": "Standard",
          "text": "坎普尔Chakeri军用机场",
          "type": "2001",
          "type_name": "军用机场",
          "classcode": 110000
        },
        "geometry": {
          "type": "Point",
          "coordinates": [
            80.410244444444444,
            20.40345277777778
          ]
        }
      },
      {
        "type": "Feature",
        "properties": {
          "entity": "Text",
          "layer": "我的地点",
          "color": 18,
          "elevation": 0.0,
          "refname": "坎普尔军营及机场",
          "style": "Standard",
          "text": "坎普尔军营及机场",
          "type": "2040",
          "type_name": "军营",
          "classcode": 160100
        },
        "geometry": {
          "type": "Point",
          "coordinates": [
            80.370686111111112,
            20.439261111111119
          ]
        }
      },
      {
        "type": "Feature",
        "properties": {
          "entity": "Text",
          "layer": "我的地点",
          "color": 18,
          "elevation": 0.0,
          "refname": "斯利那加军营1#",
          "style": "Standard",
          "text": "斯利那加军营1#",
          "type": "40",
          "type_name": "军营",
          "classcode": 160100
        },
        "geometry": {
          "type": "Point",
          "coordinates": [
            74.786836111111114,
            27.99466111111111
          ]
        }
      },
      {
        "type": "Feature",
        "properties": {
          "entity": "Text",
          "layer": "我的地点",
          "color": 18,
          "elevation": 0.0,
          "refname": "帕蒂亚拉军营及机场",
          "style": "Standard",
          "text": "帕蒂亚拉军营及机场",
          "type": "2040",
          "type_name": "军营",
          "classcode": 160100
        },
        "geometry": {
          "type": "Point",
          "coordinates": [
            76.363080555555555,
            24.31656666666667
          ]
        }
      },
      {
        "type": "Feature",
        "properties": {
          "entity": "Text",
          "layer": "我的地点",
          "color": 18,
          "elevation": 0.0,
          "refname": "阿姆利则军营",
          "style": "Standard",
          "text": "阿姆利则军营",
          "type": "40",
          "type_name": "军营",
          "classcode": 160100
        },
        "geometry": {
          "type": "Point",
          "coordinates": [
            74.769825,
            25.63515
          ]
        }
      },
      {
        "type": "Feature",
        "properties": {
          "entity": "Text",
          "layer": "我的地点",
          "color": 18,
          "elevation": 0.0,
          "refname": "查谟军营6#",
          "style": "Standard",
          "text": "查谟军营6#",
          "type": "40",
          "type_name": "军营",
          "classcode": 160100
        },
        "geometry": {
          "type": "Point",
          "coordinates": [
            74.919930555555553,
            26.65733055555555
          ]
        }
      },
      {
        "type": "Feature",
        "properties": {
          "entity": "Text",
          "layer": "我的地点",
          "color": 18,
          "elevation": 0.0,
          "refname": "查谟军营5#",
          "style": "Standard",
          "text": "查谟军营5#",
          "type": "40",
          "type_name": "军营",
          "classcode": 160100
        },
        "geometry": {
          "type": "Point",
          "coordinates": [
            74.86237222222222,
            26.753597222222229
          ]
        }
      },
      {
        "type": "Feature",
        "properties": {
          "entity": "Text",
          "layer": "我的地点",
          "color": 18,
          "elevation": 0.0,
          "refname": "查谟军营4#",
          "style": "Standard",
          "text": "查谟军营4#",
          "type": "40",
          "type_name": "军营",
          "classcode": 160100
        },
        "geometry": {
          "type": "Point",
          "coordinates": [
            74.813783333333333,
            26.647088888888891
          ]
        }
      },
      {
        "type": "Feature",
        "properties": {
          "entity": "Text",
          "layer": "我的地点",
          "color": 18,
          "elevation": 0.0,
          "refname": "果阿海军基地",
          "style": "Standard",
          "text": "果阿海军基地",
          "type": "1001",
          "type_name": "海军基地",
          "classcode": 100000
        },
        "geometry": {
          "type": "Point",
          "coordinates": [
            73.825205555555556,
            9.40532222222223
          ]
        }
      },
      {
        "type": "Feature",
        "properties": {
          "entity": "Text",
          "layer": "我的地点",
          "color": 18,
          "elevation": 0.0,
          "refname": "果阿达博利姆海军航空站",
          "style": "Standard",
          "text": "果阿达博利姆海军航空站",
          "type": null,
          "type_name": "海军航空站",
          "classcode": null
        },
        "geometry": {
          "type": "Point",
          "coordinates": [
            73.827191591519238,
            9.38086008131714
          ]
        }
      },
      {
        "type": "Feature",
        "properties": {
          "entity": "Text",
          "layer": "我的地点",
          "color": 18,
          "elevation": 0.0,
          "refname": "查谟军营3#",
          "style": "Standard",
          "text": "查谟军营3#",
          "type": "40",
          "type_name": "军营",
          "classcode": 160100
        },
        "geometry": {
          "type": "Point",
          "coordinates": [
            74.838219444444448,
            26.648725
          ]
        }
      },
      {
        "type": "Feature",
        "properties": {
          "entity": "Text",
          "layer": "我的地点",
          "color": 18,
          "elevation": 0.0,
          "refname": "科钦海军基地",
          "style": "Standard",
          "text": "科钦海军基地",
          "type": "1001",
          "type_name": "海军基地",
          "classcode": 100000
        },
        "geometry": {
          "type": "Point",
          "coordinates": [
            76.282491666666672,
            3.954605555555556
          ]
        }
      },
      {
        "type": "Feature",
        "properties": {
          "entity": "Text",
          "layer": "我的地点",
          "color": 94,
          "elevation": 0.0,
          "refname": "加州中国湖海军武器中心",
          "style": "Standard",
          "text": "加州中国湖海军武器中心",
          "type": null,
          "type_name": "武器仓库",
          "classcode": null
        },
        "geometry": {
          "type": "Point",
          "coordinates": [
            -117.500394916003998,
            30.034382131613949
          ]
        }
      },
      {
        "type": "Feature",
        "properties": {
          "entity": "Text",
          "layer": "我的地点",
          "color": 94,
          "elevation": 0.0,
          "refname": "加州海军陆战队彭德尔顿兵营",
          "style": "Standard",
          "text": "加州海军陆战队彭德尔顿兵营",
          "type": null,
          "type_name": "军营",
          "classcode": null
        },
        "geometry": {
          "type": "Point",
          "coordinates": [
            -117.396029907410707,
            27.22050811866858
          ]
        }
      },
      {
        "type": "Feature",
        "properties": {
          "entity": "Text",
          "layer": "我的地点",
          "color": 94,
          "elevation": 0.0,
          "refname": "加州陆战队彭德尔顿-Oceanside兵营",
          "style": "Standard",
          "text": "加州陆战队彭德尔顿-Oceanside兵营",
          "type": null,
          "type_name": "军营",
          "classcode": null
        },
        "geometry": {
          "type": "Point",
          "coordinates": [
            -117.406270157153102,
            27.3500132384805
          ]
        }
      },
      {
        "type": "Feature",
        "properties": {
          "entity": "Text",
          "layer": "我的地点",
          "color": 94,
          "elevation": 0.0,
          "refname": "加州彭德尔顿陆战队兵营射击场",
          "style": "Standard",
          "text": "加州彭德尔顿陆战队兵营射击场",
          "type": null,
          "type_name": "射击场",
          "classcode": null
        },
        "geometry": {
          "type": "Point",
          "coordinates": [
            -117.4184027777778,
            27.262213888888891
          ]
        }
      },
      {
        "type": "Feature",
        "properties": {
          "entity": "Text",
          "layer": "我的地点",
          "color": 94,
          "elevation": 0.0,
          "refname": "加州彭德尔顿兵营训练兵营",
          "style": "Standard",
          "text": "加州彭德尔顿兵营训练兵营",
          "type": null,
          "type_name": "军营",
          "classcode": null
        },
        "geometry": {
          "type": "Point",
          "coordinates": [
            -117.514648910463507,
            27.395575768224791
          ]
        }
      },
      {
        "type": "Feature",
        "properties": {
          "entity": "Text",
          "layer": "我的地点",
          "color": 94,
          "elevation": 0.0,
          "refname": "加州萨克拉曼多海岸警卫队航空站",
          "style": "Standard",
          "text": "加州萨克拉曼多海岸警卫队航空站",
          "type": null,
          "type_name": "航空基地",
          "classcode": null
        },
        "geometry": {
          "type": "Point",
          "coordinates": [
            -121.407809961673706,
            32.670050264717567
          ]
        }
      },
      {
        "type": "Feature",
        "properties": {
          "entity": "Text",
          "layer": "我的地点",
          "color": 18,
          "elevation": 0.0,
          "refname": "卡达姆巴海军基地",
          "style": "Standard",
          "text": "卡达姆巴海军基地",
          "type": "1001",
          "type_name": "海军基地",
          "classcode": 100000
        },
        "geometry": {
          "type": "Point",
          "coordinates": [
            74.138105555555555,
            8.76032222222222
          ]
        }
      },
      {
        "type": "Feature",
        "properties": {
          "entity": "Text",
          "layer": "我的地点",
          "color": 18,
          "elevation": 0.0,
          "refname": "孟买海军基地",
          "style": "Standard",
          "text": "孟买海军基地",
          "type": "1001",
          "type_name": "海军基地",
          "classcode": 100000
        },
        "geometry": {
          "type": "Point",
          "coordinates": [
            72.845375,
            12.92775555555556
          ]
        }
      },
      {
        "type": "Feature",
        "properties": {
          "entity": "Text",
          "layer": "我的地点",
          "color": 18,
          "elevation": 0.0,
          "refname": "查谟军营2#",
          "style": "Standard",
          "text": "查谟军营2#",
          "type": "40",
          "type_name": "军营",
          "classcode": 160100
        },
        "geometry": {
          "type": "Point",
          "coordinates": [
            74.86441388888889,
            26.66095277777778
          ]
        }
      },
      {
        "type": "Feature",
        "properties": {
          "entity": "Text",
          "layer": "我的地点",
          "color": 18,
          "elevation": 0.0,
          "refname": "查谟军营1#",
          "style": "Standard",
          "text": "查谟军营1#",
          "type": "40",
          "type_name": "军营",
          "classcode": 160100
        },
        "geometry": {
          "type": "Point",
          "coordinates": [
            74.850375,
            26.67894166666667
          ]
        }
      },
      {
        "type": "Feature",
        "properties": {
          "entity": "Text",
          "layer": "我的地点",
          "color": 18,
          "elevation": 0.0,
          "refname": "Thoise军用机场",
          "style": "Standard",
          "text": "Thoise军用机场",
          "type": "2001",
          "type_name": "军用机场",
          "classcode": 110000
        },
        "geometry": {
          "type": "Point",
          "coordinates": [
            77.377975,
            28.65301944444445
          ]
        }
      },
      {
        "type": "Feature",
        "properties": {
          "entity": "Text",
          "layer": "我的地点",
          "color": 18,
          "elevation": 0.0,
          "refname": "查谟军用机场",
          "style": "Standard",
          "text": "查谟军用机场",
          "type": "2001",
          "type_name": "军用机场",
          "classcode": 110000
        },
        "geometry": {
          "type": "Point",
          "coordinates": [
            74.838119444444445,
            26.6898
          ]
        }
      },
      {
        "type": "Feature",
        "properties": {
          "entity": "Text",
          "layer": "我的地点",
          "color": 94,
          "elevation": 0.0,
          "refname": "加州彭德尔顿兵营直升飞机场",
          "style": "Standard",
          "text": "加州彭德尔顿兵营直升飞机场",
          "type": "20",
          "type_name": "军用机场",
          "classcode": 110000
        },
        "geometry": {
          "type": "Point",
          "coordinates": [
            -117.345824647134293,
            27.298847269376768
          ]
        }
      },
      {
        "type": "Feature",
        "properties": {
          "entity": "Text",
          "layer": "我的地点",
          "color": 94,
          "elevation": 0.0,
          "refname": "加州埃尔森特罗海军飞机场",
          "style": "Standard",
          "text": "加州埃尔森特罗海军飞机场",
          "type": "20",
          "type_name": "军用机场",
          "classcode": 110000
        },
        "geometry": {
          "type": "Point",
          "coordinates": [
            -115.657458601395902,
            26.820790622415249
          ]
        }
      },
      {
        "type": "Feature",
        "properties": {
          "entity": "Text",
          "layer": "我的地点",
          "color": 94,
          "elevation": 0.0,
          "refname": "加州北岛海军航空站",
          "style": "Standard",
          "text": "加州北岛海军航空站",
          "type": null,
          "type_name": "航空基地",
          "classcode": null
        },
        "geometry": {
          "type": "Point",
          "coordinates": [
            -117.210445177089397,
            26.70445217160977
          ]
        }
      },
      {
        "type": "Feature",
        "properties": {
          "entity": "Text",
          "layer": "我的地点",
          "color": 18,
          "elevation": 0.0,
          "refname": "Hashimara空军基地",
          "style": "Standard",
          "text": "Hashimara空军基地",
          "type": "1002",
          "type_name": "空军基地",
          "classcode": 100000
        },
        "geometry": {
          "type": "Point",
          "coordinates": [
            89.364608333333337,
            20.699897222222219
          ]
        }
      },
      {
        "type": "Feature",
        "properties": {
          "entity": "Text",
          "layer": "我的地点",
          "color": 94,
          "elevation": 0.0,
          "refname": "加州穆古海军航空站",
          "style": "Standard",
          "text": "加州穆古海军航空站",
          "type": null,
          "type_name": "航空基地",
          "classcode": null
        },
        "geometry": {
          "type": "Point",
          "coordinates": [
            -119.114248047306305,
            28.117705175876189
          ]
        }
      },
      {
        "type": "Feature",
        "properties": {
          "entity": "Text",
          "layer": "我的地点",
          "color": 94,
          "elevation": 0.0,
          "refname": "得克萨斯州沃思堡海军航空站",
          "style": "Standard",
          "text": "得克萨斯州沃思堡海军航空站",
          "type": null,
          "type_name": "航空基地",
          "classcode": null
        },
        "geometry": {
          "type": "Point",
          "coordinates": [
            -97.433622239809253,
            26.77612777888459
          ]
        }
      },
      {
        "type": "Feature",
        "properties": {
          "entity": "Text",
          "layer": "我的地点",
          "color": 94,
          "elevation": 0.0,
          "refname": "得克萨斯州科珀斯克里斯蒂城海军航空站",
          "style": "Standard",
          "text": "得克萨斯州科珀斯克里斯蒂城海军航空站",
          "type": null,
          "type_name": "航空基地",
          "classcode": null
        },
        "geometry": {
          "type": "Point",
          "coordinates": [
            -97.282525,
            21.69318611111111
          ]
        }
      },
      {
        "type": "Feature",
        "properties": {
          "entity": "Text",
          "layer": "我的地点",
          "color": 94,
          "elevation": 0.0,
          "refname": "佐治亚州亚特兰大海军航空站",
          "style": "Standard",
          "text": "佐治亚州亚特兰大海军航空站",
          "type": null,
          "type_name": "航空基地",
          "classcode": null
        },
        "geometry": {
          "type": "Point",
          "coordinates": [
            -84.516072222222206,
            27.910283333333329
          ]
        }
      },
      {
        "type": "Feature",
        "properties": {
          "entity": "Text",
          "layer": "我的地点",
          "color": 40,
          "elevation": 0.0,
          "refname": "守山基地  第10师团司令部",
          "style": "Standard",
          "text": "守山基地  第10师团司令部",
          "type": "70",
          "type_name": "司令部",
          "classcode": 100000
        },
        "geometry": {
          "type": "Point",
          "coordinates": [
            136.957712768385903,
            29.198446555903541
          ]
        }
      },
      {
        "type": "Feature",
        "properties": {
          "entity": "Text",
          "layer": "我的地点",
          "color": 94,
          "elevation": 0.0,
          "refname": "佛罗里达州杰克逊维尔海军航空站",
          "style": "Standard",
          "text": "佛罗里达州杰克逊维尔海军航空站",
          "type": null,
          "type_name": "航空基地",
          "classcode": null
        },
        "geometry": {
          "type": "Point",
          "coordinates": [
            -81.679554197868597,
            24.228641354435879
          ]
        }
      },
      {
        "type": "Feature",
        "properties": {
          "entity": "Text",
          "layer": "我的地点",
          "color": 40,
          "elevation": 0.0,
          "refname": "真驹内基地 师団司令部",
          "style": "Standard",
          "text": "真驹内基地 师団司令部",
          "type": "70",
          "type_name": "司令部",
          "classcode": 100000
        },
        "geometry": {
          "type": "Point",
          "coordinates": [
            141.355308782249693,
            37.006696379482449
          ]
        }
      },
      {
        "type": "Feature",
        "properties": {
          "entity": "Text",
          "layer": "我的地点",
          "color": 94,
          "elevation": 0.0,
          "refname": "佛罗里达州彭萨科拉海军航空站",
          "style": "Standard",
          "text": "佛罗里达州彭萨科拉海军航空站",
          "type": null,
          "type_name": "航空基地",
          "classcode": null
        },
        "geometry": {
          "type": "Point",
          "coordinates": [
            -87.310674942306548,
            24.35219444484202
          ]
        }
      },
      {
        "type": "Feature",
        "properties": {
          "entity": "Text",
          "layer": "我的地点",
          "color": 94,
          "elevation": 0.0,
          "refname": "佛罗里达州奇威斯特海军航空站",
          "style": "Standard",
          "text": "佛罗里达州奇威斯特海军航空站",
          "type": null,
          "type_name": "航空基地",
          "classcode": null
        },
        "geometry": {
          "type": "Point",
          "coordinates": [
            -81.698268212354066,
            18.578732008007819
          ]
        }
      },
      {
        "type": "Feature",
        "properties": {
          "entity": "Text",
          "layer": "我的地点",
          "color": 94,
          "elevation": 0.0,
          "refname": "佛罗里达州威挺菲尔德海军航空站",
          "style": "Standard",
          "text": "佛罗里达州威挺菲尔德海军航空站",
          "type": null,
          "type_name": "航空基地",
          "classcode": null
        },
        "geometry": {
          "type": "Point",
          "coordinates": [
            -87.018472063367895,
            24.70972204472746
          ]
        }
      },
      {
        "type": "Feature",
        "properties": {
          "entity": "Text",
          "layer": "我的地点",
          "color": 40,
          "elevation": 0.0,
          "refname": "福冈基地  师団司令部",
          "style": "Standard",
          "text": "福冈基地  师団司令部",
          "type": "70",
          "type_name": "司令部",
          "classcode": 100000
        },
        "geometry": {
          "type": "Point",
          "coordinates": [
            130.456290414572408,
            27.538875750656491
          ]
        }
      },
      {
        "type": "Feature",
        "properties": {
          "entity": "Text",
          "layer": "我的地点",
          "color": 94,
          "elevation": 0.0,
          "refname": "维吉尼亚州奥西纳海军航空站",
          "style": "Standard",
          "text": "维吉尼亚州奥西纳海军航空站",
          "type": null,
          "type_name": "航空基地",
          "classcode": null
        },
        "geometry": {
          "type": "Point",
          "coordinates": [
            -76.03164444444441,
            30.816605555555562
          ]
        }
      },
      {
        "type": "Feature",
        "properties": {
          "entity": "Text",
          "layer": "我的地点",
          "color": 94,
          "elevation": 0.0,
          "refname": "维吉尼亚州诺福克海军航空站",
          "style": "Standard",
          "text": "维吉尼亚州诺福克海军航空站",
          "type": null,
          "type_name": "航空基地",
          "classcode": null
        },
        "geometry": {
          "type": "Point",
          "coordinates": [
            -76.29491385830444,
            30.9404555411794
          ]
        }
      },
      {
        "type": "Feature",
        "properties": {
          "entity": "Text",
          "layer": "我的地点",
          "color": 94,
          "elevation": 0.0,
          "refname": "维吉尼亚州约克城海军武器站",
          "style": "Standard",
          "text": "维吉尼亚州约克城海军武器站",
          "type": null,
          "type_name": "航空基地",
          "classcode": null
        },
        "geometry": {
          "type": "Point",
          "coordinates": [
            -76.549847004549875,
            31.238882793476911
          ]
        }
      },
      {
        "type": "Feature",
        "properties": {
          "entity": "Text",
          "layer": "我的地点",
          "color": 40,
          "elevation": 0.0,
          "refname": "北熊本基地  师团司令部",
          "style": "Standard",
          "text": "北熊本基地  师团司令部",
          "type": "70",
          "type_name": "司令部",
          "classcode": 100000
        },
        "geometry": {
          "type": "Point",
          "coordinates": [
            130.742565589982888,
            26.843362804007491
          ]
        }
      },
      {
        "type": "Feature",
        "properties": {
          "entity": "Text",
          "layer": "我的地点",
          "color": 94,
          "elevation": 0.0,
          "refname": "华盛顿州惠德贝岛海军航空站",
          "style": "Standard",
          "text": "华盛顿州惠德贝岛海军航空站",
          "type": null,
          "type_name": "航空基地",
          "classcode": null
        },
        "geometry": {
          "type": "Point",
          "coordinates": [
            -122.664363526548101,
            42.345136035043787
          ]
        }
      },
      {
        "type": "Feature",
        "properties": {
          "entity": "Text",
          "layer": "我的地点",
          "color": 40,
          "elevation": 0.0,
          "refname": "千僧基地  第3师团司令部",
          "style": "Standard",
          "text": "千僧基地  第3师团司令部",
          "type": "70",
          "type_name": "司令部",
          "classcode": 100000
        },
        "geometry": {
          "type": "Point",
          "coordinates": [
            135.404009729632207,
            28.78886949265716
          ]
        }
      },
      {
        "type": "Feature",
        "properties": {
          "entity": "Text",
          "layer": "我的地点",
          "color": 94,
          "elevation": 0.0,
          "refname": "南卡罗来纳州波弗特陆战队航空站",
          "style": "Standard",
          "text": "南卡罗来纳州波弗特陆战队航空站",
          "type": null,
          "type_name": "航空基地",
          "classcode": null
        },
        "geometry": {
          "type": "Point",
          "coordinates": [
            -80.722161111111092,
            26.470533333333329
          ]
        }
      },
      {
        "type": "Feature",
        "properties": {
          "entity": "Text",
          "layer": "我的地点",
          "color": 94,
          "elevation": 0.0,
          "refname": "南卡罗来纳州查尔斯顿海军武器站",
          "style": "Standard",
          "text": "南卡罗来纳州查尔斯顿海军武器站",
          "type": null,
          "type_name": "武器仓库",
          "classcode": null
        },
        "geometry": {
          "type": "Point",
          "coordinates": [
            -79.94899200891038,
            26.95194700970492
          ]
        }
      },
      {
        "type": "Feature",
        "properties": {
          "entity": "Text",
          "layer": "我的地点",
          "color": 94,
          "elevation": 0.0,
          "refname": "北卡罗来纳州新河陆战队航空站",
          "style": "Standard",
          "text": "北卡罗来纳州新河陆战队航空站",
          "type": null,
          "type_name": "航空基地",
          "classcode": null
        },
        "geometry": {
          "type": "Point",
          "coordinates": [
            -77.444938888888871,
            28.71395
          ]
        }
      },
      {
        "type": "Feature",
        "properties": {
          "entity": "Text",
          "layer": "我的地点",
          "color": 94,
          "elevation": 0.0,
          "refname": "北卡罗来纳州切里角陆战队航空站",
          "style": "Standard",
          "text": "北卡罗来纳州切里角陆战队航空站",
          "type": null,
          "type_name": "航空基地",
          "classcode": null
        },
        "geometry": {
          "type": "Point",
          "coordinates": [
            -76.88873055555554,
            28.904374961777791
          ]
        }
      },
      {
        "type": "Feature",
        "properties": {
          "entity": "Text",
          "layer": "我的地点",
          "color": 94,
          "elevation": 0.0,
          "refname": "维吉尼亚海滩陆战队兵营",
          "style": "Standard",
          "text": "维吉尼亚海滩陆战队兵营",
          "type": null,
          "type_name": "军营",
          "classcode": null
        },
        "geometry": {
          "type": "Point",
          "coordinates": [
            -75.979725926075389,
            30.81082064789825
          ]
        }
      },
      {
        "type": "Feature",
        "properties": {
          "entity": "Text",
          "layer": "我的地点",
          "color": 94,
          "elevation": 0.0,
          "refname": "加州米拉玛陆战队航空站",
          "style": "Standard",
          "text": "加州米拉玛陆战队航空站",
          "type": null,
          "type_name": "航空基地",
          "classcode": null
        },
        "geometry": {
          "type": "Point",
          "coordinates": [
            -117.138063888888894,
            26.87414166666667
          ]
        }
      },
      {
        "type": "Feature",
        "properties": {
          "entity": "Text",
          "layer": "我的地点",
          "color": 18,
          "elevation": 0.0,
          "refname": "杰伊瑟尔梅尔大型军事基地4#",
          "style": "Standard",
          "text": "杰伊瑟尔梅尔大型军事基地4#",
          "type": "1003",
          "type_name": "军事基地",
          "classcode": 100000
        },
        "geometry": {
          "type": "Point",
          "coordinates": [
            70.901858333333337,
            20.914294444444451
          ]
        }
      },
      {
        "type": "Feature",
        "properties": {
          "entity": "Text",
          "layer": "我的地点",
          "color": 94,
          "elevation": 0.0,
          "refname": "阿拉斯加埃达克岛海军航空站",
          "style": "Standard",
          "text": "阿拉斯加埃达克岛海军航空站",
          "type": null,
          "type_name": "航空基地",
          "classcode": null
        },
        "geometry": {
          "type": "Point",
          "coordinates": [
            -176.642308307149307,
            45.870872216223297
          ]
        }
      },
      {
        "type": "Feature",
        "properties": {
          "entity": "Text",
          "layer": "我的地点",
          "color": 18,
          "elevation": 0.0,
          "refname": "浦那(普纳)大型军事基地",
          "style": "Standard",
          "text": "浦那(普纳)大型军事基地",
          "type": "1003",
          "type_name": "军事基地",
          "classcode": 100000
        },
        "geometry": {
          "type": "Point",
          "coordinates": [
            73.885511111111114,
            12.50086111111111
          ]
        }
      },
      {
        "type": "Feature",
        "properties": {
          "entity": "Text",
          "layer": "我的地点",
          "color": 94,
          "elevation": 0.0,
          "refname": "夏威夷太平洋司令部史密斯兵营",
          "style": "Standard",
          "text": "夏威夷太平洋司令部史密斯兵营",
          "type": "70",
          "type_name": "司令部",
          "classcode": null
        },
        "geometry": {
          "type": "Point",
          "coordinates": [
            -157.907158333333314,
            15.386961111111111
          ]
        }
      },
      {
        "type": "Feature",
        "properties": {
          "entity": "Text",
          "layer": "我的地点",
          "color": 94,
          "elevation": 0.0,
          "refname": "内华达州法伦海军航空站",
          "style": "Standard",
          "text": "内华达州法伦海军航空站",
          "type": null,
          "type_name": "航空基地",
          "classcode": null
        },
        "geometry": {
          "type": "Point",
          "coordinates": [
            -118.706927785038005,
            33.420272219349457
          ]
        }
      },
      {
        "type": "Feature",
        "properties": {
          "entity": "Text",
          "layer": "我的地点",
          "color": 94,
          "elevation": 0.0,
          "refname": "马里兰州帕塔克森特河海军航空站",
          "style": "Standard",
          "text": "马里兰州帕塔克森特河海军航空站",
          "type": null,
          "type_name": "航空基地",
          "classcode": null
        },
        "geometry": {
          "type": "Point",
          "coordinates": [
            -76.418777777777777,
            32.288725
          ]
        }
      },
      {
        "type": "Feature",
        "properties": {
          "entity": "Text",
          "layer": "我的地点",
          "color": 94,
          "elevation": 0.0,
          "refname": "新泽西州厄尔海军武器站",
          "style": "Standard",
          "text": "新泽西州厄尔海军武器站",
          "type": null,
          "type_name": "武器仓库",
          "classcode": null
        },
        "geometry": {
          "type": "Point",
          "coordinates": [
            -74.180230555555568,
            34.300508333333347
          ]
        }
      },
      {
        "type": "Feature",
        "properties": {
          "entity": "Text",
          "layer": "我的地点",
          "color": 94,
          "elevation": 0.0,
          "refname": "亚利桑那州海军陆战队尤马航空站",
          "style": "Standard",
          "text": "亚利桑那州海军陆战队尤马航空站",
          "type": null,
          "type_name": "航空基地",
          "classcode": null
        },
        "geometry": {
          "type": "Point",
          "coordinates": [
            -114.593552777777802,
            26.661030555555559
          ]
        }
      },
      {
        "type": "Feature",
        "properties": {
          "entity": "Text",
          "layer": "我的地点",
          "color": 94,
          "elevation": 0.0,
          "refname": "罗德岛匡塞特角海军航空站",
          "style": "Standard",
          "text": "罗德岛匡塞特角海军航空站",
          "type": null,
          "type_name": "航空基地",
          "classcode": null
        },
        "geometry": {
          "type": "Point",
          "coordinates": [
            -71.413897685408813,
            35.596291687906373
          ]
        }
      },
      {
        "type": "Feature",
        "properties": {
          "entity": "Text",
          "layer": "我的地点",
          "color": 94,
          "elevation": 0.0,
          "refname": "路易斯安那州新奥尔良海军航空站",
          "style": "Standard",
          "text": "路易斯安那州新奥尔良海军航空站",
          "type": null,
          "type_name": "航空基地",
          "classcode": null
        },
        "geometry": {
          "type": "Point",
          "coordinates": [
            -90.025683333333362,
            23.82833055555556
          ]
        }
      },
      {
        "type": "Feature",
        "properties": {
          "entity": "Text",
          "layer": "我的地点",
          "color": 94,
          "elevation": 0.0,
          "refname": "缅因州不伦瑞克海军航空站",
          "style": "Standard",
          "text": "缅因州不伦瑞克海军航空站",
          "type": null,
          "type_name": "航空基地",
          "classcode": null
        },
        "geometry": {
          "type": "Point",
          "coordinates": [
            -69.93180555750331,
            37.889633332121313
          ]
        }
      },
      {
        "type": "Feature",
        "properties": {
          "entity": "Text",
          "layer": "我的地点",
          "color": 98,
          "elevation": 0.0,
          "refname": "阿拉米达海军航空兵站",
          "style": "Standard",
          "text": "阿拉米达海军航空兵站",
          "type": null,
          "type_name": "航空基地",
          "classcode": null
        },
        "geometry": {
          "type": "Point",
          "coordinates": [
            -122.2985899908672,
            31.774360585936929
          ]
        }
      },
      {
        "type": "Feature",
        "properties": {
          "entity": "Text",
          "layer": "我的地点",
          "color": 94,
          "elevation": 0.0,
          "refname": "康涅狄格州新伦敦潜艇基地",
          "style": "Standard",
          "text": "康涅狄格州新伦敦潜艇基地",
          "type": "1007",
          "type_name": "潜艇基地",
          "classcode": 100000
        },
        "geometry": {
          "type": "Point",
          "coordinates": [
            -72.080938888888866,
            35.344719444444443
          ]
        }
      },
      {
        "type": "Feature",
        "properties": {
          "entity": "Text",
          "layer": "我的地点",
          "color": 18,
          "elevation": 0.0,
          "refname": "克勒格布尔卡莱孔达空军基地",
          "style": "Standard",
          "text": "克勒格布尔卡莱孔达空军基地",
          "type": "1002",
          "type_name": "空军基地",
          "classcode": 100000
        },
        "geometry": {
          "type": "Point",
          "coordinates": [
            87.214861111111105,
            16.34287222222223
          ]
        }
      },
      {
        "type": "Feature",
        "properties": {
          "entity": "Text",
          "layer": "我的地点",
          "color": 94,
          "elevation": 0.0,
          "refname": "罗德岛新港海军基地",
          "style": "Standard",
          "text": "罗德岛新港海军基地",
          "type": "1001",
          "type_name": "海军基地",
          "classcode": 100000
        },
        "geometry": {
          "type": "Point",
          "coordinates": [
            -71.312988888888867,
            35.528286111111107
          ]
        }
      },
      {
        "type": "Feature",
        "properties": {
          "entity": "Text",
          "layer": "我的地点",
          "color": 18,
          "elevation": 0.0,
          "refname": "昌迪加尔大型军事基地3#",
          "style": "Standard",
          "text": "昌迪加尔大型军事基地3#",
          "type": "1003",
          "type_name": "军事基地",
          "classcode": 100000
        },
        "geometry": {
          "type": "Point",
          "coordinates": [
            76.874855555555555,
            24.730186111111109
          ]
        }
      },
      {
        "type": "Feature",
        "properties": {
          "entity": "Text",
          "layer": "我的地点",
          "color": 18,
          "elevation": 0.0,
          "refname": "乌达姆普尔大型军事基地7#",
          "style": "Standard",
          "text": "乌达姆普尔大型军事基地7#",
          "type": "1003",
          "type_name": "军事基地",
          "classcode": 100000
        },
        "geometry": {
          "type": "Point",
          "coordinates": [
            75.062875,
            26.90881388888889
          ]
        }
      },
      {
        "type": "Feature",
        "properties": {
          "entity": "Text",
          "layer": "我的地点",
          "color": 18,
          "elevation": 0.0,
          "refname": "斯利那加军营4#",
          "style": "Standard",
          "text": "斯利那加军营4#",
          "type": "40",
          "type_name": "军营",
          "classcode": 160100
        },
        "geometry": {
          "type": "Point",
          "coordinates": [
            74.798822222222228,
            28.062022222222229
          ]
        }
      },
      {
        "type": "Feature",
        "properties": {
          "entity": "Text",
          "layer": "我的地点",
          "color": 18,
          "elevation": 0.0,
          "refname": "斯利那加军营3#",
          "style": "Standard",
          "text": "斯利那加军营3#",
          "type": "40",
          "type_name": "军营",
          "classcode": 160100
        },
        "geometry": {
          "type": "Point",
          "coordinates": [
            74.786927777777791,
            28.07846666666666
          ]
        }
      },
      {
        "type": "Feature",
        "properties": {
          "entity": "Text",
          "layer": "我的地点",
          "color": 18,
          "elevation": 0.0,
          "refname": "斯利那加军营2#",
          "style": "Standard",
          "text": "斯利那加军营2#",
          "type": "40",
          "type_name": "军营",
          "classcode": 160100
        },
        "geometry": {
          "type": "Point",
          "coordinates": [
            74.857883333333334,
            28.065094444444451
          ]
        }
      },
      {
        "type": "Feature",
        "properties": {
          "entity": "Text",
          "layer": "我的地点",
          "color": 18,
          "elevation": 0.0,
          "refname": "列城军营3#",
          "style": "Standard",
          "text": "列城军营3#",
          "type": "40",
          "type_name": "军营",
          "classcode": 160100
        },
        "geometry": {
          "type": "Point",
          "coordinates": [
            77.550552777777781,
            28.153738888888888
          ]
        }
      },
      {
        "type": "Feature",
        "properties": {
          "entity": "Text",
          "layer": "我的地点",
          "color": 18,
          "elevation": 0.0,
          "refname": "列城军营1#",
          "style": "Standard",
          "text": "列城军营1#",
          "type": "40",
          "type_name": "军营",
          "classcode": 160100
        },
        "geometry": {
          "type": "Point",
          "coordinates": [
            77.517061111111104,
            28.131713888888889
          ]
        }
      },
      {
        "type": "Feature",
        "properties": {
          "entity": "Text",
          "layer": "我的地点",
          "color": 18,
          "elevation": 0.0,
          "refname": "列城军营2#",
          "style": "Standard",
          "text": "列城军营2#",
          "type": "40",
          "type_name": "军营",
          "classcode": 160100
        },
        "geometry": {
          "type": "Point",
          "coordinates": [
            77.564941666666684,
            28.163752777777781
          ]
        }
      },
      {
        "type": "Feature",
        "properties": {
          "entity": "Text",
          "layer": "我的地点",
          "color": 18,
          "elevation": 0.0,
          "refname": "查谟军营7#",
          "style": "Standard",
          "text": "查谟军营7#",
          "type": "40",
          "type_name": "军营",
          "classcode": 160100
        },
        "geometry": {
          "type": "Point",
          "coordinates": [
            74.93909166666667,
            26.669336111111111
          ]
        }
      },
      {
        "type": "Feature",
        "properties": {
          "entity": "Text",
          "layer": "我的地点",
          "color": 254,
          "elevation": 0.0,
          "refname": "那霸军港",
          "style": "Standard",
          "text": "那霸军港",
          "type": "90",
          "type_name": "军港",
          "classcode": 160900
        },
        "geometry": {
          "type": "Point",
          "coordinates": [
            127.667017281196195,
            20.20858375687866
          ]
        }
      },
      {
        "type": "Feature",
        "properties": {
          "entity": "Text",
          "layer": "我的地点",
          "color": 254,
          "elevation": 0.0,
          "refname": "德岛航空基地正门",
          "style": "Standard",
          "text": "德岛航空基地正门",
          "type": "1005",
          "type_name": "航空基地",
          "classcode": 100000
        },
        "geometry": {
          "type": "Point",
          "coordinates": [
            134.596252553544588,
            28.129146687348548
          ]
        }
      },
      {
        "type": "Feature",
        "properties": {
          "entity": "Text",
          "layer": "我的地点",
          "color": 254,
          "elevation": 0.0,
          "refname": "德岛航空基地警卫室",
          "style": "Standard",
          "text": "德岛航空基地警卫室",
          "type": "1005",
          "type_name": "航空基地",
          "classcode": 100000
        },
        "geometry": {
          "type": "Point",
          "coordinates": [
            134.596550171464287,
            28.129226864442071
          ]
        }
      },
      {
        "type": "Feature",
        "properties": {
          "entity": "Text",
          "layer": "我的地点",
          "color": 254,
          "elevation": 0.0,
          "refname": "德岛航空基地纪念馆",
          "style": "Standard",
          "text": "德岛航空基地纪念馆",
          "type": "1005",
          "type_name": "航空基地",
          "classcode": 100000
        },
        "geometry": {
          "type": "Point",
          "coordinates": [
            134.598659964900293,
            28.130537793780672
          ]
        }
      },
      {
        "type": "Feature",
        "properties": {
          "entity": "Text",
          "layer": "我的地点",
          "color": 254,
          "elevation": 0.0,
          "refname": "德岛航空基地通讯站",
          "style": "Standard",
          "text": "德岛航空基地通讯站",
          "type": "1005",
          "type_name": "航空基地",
          "classcode": 100000
        },
        "geometry": {
          "type": "Point",
          "coordinates": [
            134.598077969248607,
            28.130706323284709
          ]
        }
      },
      {
        "type": "Feature",
        "properties": {
          "entity": "Text",
          "layer": "我的地点",
          "color": 254,
          "elevation": 0.0,
          "refname": "舞鹤航空基地",
          "style": "Standard",
          "text": "舞鹤航空基地",
          "type": "1005",
          "type_name": "航空基地",
          "classcode": 100000
        },
        "geometry": {
          "type": "Point",
          "coordinates": [
            135.376307050896088,
            29.48961491659567
          ]
        }
      },
      {
        "type": "Feature",
        "properties": {
          "entity": "Text",
          "layer": "我的地点",
          "color": 51,
          "elevation": 0.0,
          "refname": "舞鹤航空基地码头",
          "style": "Standard",
          "text": "舞鹤航空基地码头",
          "type": "1005",
          "type_name": "航空基地",
          "classcode": 100000
        },
        "geometry": {
          "type": "Point",
          "coordinates": [
            135.376437127449009,
            29.491432802900022
          ]
        }
      },
      {
        "type": "Feature",
        "properties": {
          "entity": "Text",
          "layer": "我的地点",
          "color": 51,
          "elevation": 0.0,
          "refname": "舞鹤航空基地停机仓",
          "style": "Standard",
          "text": "舞鹤航空基地停机仓",
          "type": "1005",
          "type_name": "航空基地",
          "classcode": 100000
        },
        "geometry": {
          "type": "Point",
          "coordinates": [
            135.376716016753392,
            29.4886905945196
          ]
        }
      },
      {
        "type": "Feature",
        "properties": {
          "entity": "Text",
          "layer": "我的地点",
          "color": 51,
          "elevation": 0.0,
          "refname": "舞鹤航空基地停机仓",
          "style": "Standard",
          "text": "舞鹤航空基地停机仓",
          "type": "1005",
          "type_name": "航空基地",
          "classcode": 100000
        },
        "geometry": {
          "type": "Point",
          "coordinates": [
            135.375705826866096,
            29.488987857885871
          ]
        }
      },
      {
        "type": "Feature",
        "properties": {
          "entity": "Text",
          "layer": "我的地点",
          "color": 254,
          "elevation": 0.0,
          "refname": "德岛航空基地司令部",
          "style": "Standard",
          "text": "德岛航空基地司令部",
          "type": "70",
          "type_name": "司令部",
          "classcode": 100000
        },
        "geometry": {
          "type": "Point",
          "coordinates": [
            134.597143693056495,
            28.13093483425536
          ]
        }
      },
      {
        "type": "Feature",
        "properties": {
          "entity": "Text",
          "layer": "我的地点",
          "color": 18,
          "elevation": 0.0,
          "refname": "列城军营4#",
          "style": "Standard",
          "text": "列城军营4#",
          "type": "40",
          "type_name": "军营",
          "classcode": 160100
        },
        "geometry": {
          "type": "Point",
          "coordinates": [
            77.492527777777781,
            28.1421
          ]
        }
      },
      {
        "type": "Feature",
        "properties": {
          "entity": "Text",
          "layer": "我的地点",
          "color": 254,
          "elevation": 0.0,
          "refname": "教育航空集団司令部",
          "style": "Standard",
          "text": "教育航空集団司令部",
          "type": "70",
          "type_name": "司令部",
          "classcode": null
        },
        "geometry": {
          "type": "Point",
          "coordinates": [
            140.022190480845893,
            29.804235706467729
          ]
        }
      },
      {
        "type": "Feature",
        "properties": {
          "entity": "Text",
          "layer": "我的地点",
          "color": 254,
          "elevation": 0.0,
          "refname": "下关基地队",
          "style": "Standard",
          "text": "下关基地队",
          "type": "10",
          "type_name": "基地",
          "classcode": 100000
        },
        "geometry": {
          "type": "Point",
          "coordinates": [
            130.892571948341413,
            28.066128082294949
          ]
        }
      },
      {
        "type": "Feature",
        "properties": {
          "entity": "Text",
          "layer": "我的地点",
          "color": 254,
          "elevation": 0.0,
          "refname": "第1潜水队群司令部",
          "style": "Standard",
          "text": "第1潜水队群司令部",
          "type": "70",
          "type_name": "司令部",
          "classcode": null
        },
        "geometry": {
          "type": "Point",
          "coordinates": [
            132.550841741231892,
            28.226265410194031
          ]
        }
      },
      {
        "type": "Feature",
        "properties": {
          "entity": "Text",
          "layer": "我的地点",
          "color": 18,
          "elevation": 0.0,
          "refname": "乌达姆普尔大型军事基地6#",
          "style": "Standard",
          "text": "乌达姆普尔大型军事基地6#",
          "type": "1003",
          "type_name": "军事基地",
          "classcode": 100000
        },
        "geometry": {
          "type": "Point",
          "coordinates": [
            75.108105555555554,
            26.93298888888889
          ]
        }
      },
      {
        "type": "Feature",
        "properties": {
          "entity": "Text",
          "layer": "我的地点",
          "color": 254,
          "elevation": 0.0,
          "refname": "久米岛第五十四警戒队",
          "style": "Standard",
          "text": "久米岛第五十四警戒队",
          "type": "94",
          "type_name": "警戒队",
          "classcode": null
        },
        "geometry": {
          "type": "Point",
          "coordinates": [
            126.761140670708599,
            20.372042386692321
          ]
        }
      },
      {
        "type": "Feature",
        "properties": {
          "entity": "Text",
          "layer": "我的地点",
          "color": 254,
          "elevation": 0.0,
          "refname": "宫古岛第五十叁警戒队",
          "style": "Standard",
          "text": "宫古岛第五十叁警戒队",
          "type": "94",
          "type_name": "警戒队",
          "classcode": null
        },
        "geometry": {
          "type": "Point",
          "coordinates": [
            125.325630829638499,
            18.764626540243281
          ]
        }
      },
      {
        "type": "Feature",
        "properties": {
          "entity": "Text",
          "layer": "我的地点",
          "color": 18,
          "elevation": 0.0,
          "refname": "贾姆纳格尔空军基地",
          "style": "Standard",
          "text": "贾姆纳格尔空军基地",
          "type": "1002",
          "type_name": "空军基地",
          "classcode": 100000
        },
        "geometry": {
          "type": "Point",
          "coordinates": [
            70.004225,
            16.464613888888891
          ]
        }
      },
      {
        "type": "Feature",
        "properties": {
          "entity": "Text",
          "layer": "我的地点",
          "color": 18,
          "elevation": 0.0,
          "refname": "巴罗达空军基地",
          "style": "Standard",
          "text": "巴罗达空军基地",
          "type": "1002",
          "type_name": "空军基地",
          "classcode": 100000
        },
        "geometry": {
          "type": "Point",
          "coordinates": [
            73.22622777777778,
            16.33530833333333
          ]
        }
      },
      {
        "type": "Feature",
        "properties": {
          "entity": "Text",
          "layer": "我的地点",
          "color": 18,
          "elevation": 0.0,
          "refname": "希萨尔空军基地",
          "style": "Standard",
          "text": "希萨尔空军基地",
          "type": "1002",
          "type_name": "空军基地",
          "classcode": 100000
        },
        "geometry": {
          "type": "Point",
          "coordinates": [
            75.006025,
            23.562161111111109
          ]
        }
      },
      {
        "type": "Feature",
        "properties": {
          "entity": "Text",
          "layer": "我的地点",
          "color": 18,
          "elevation": 0.0,
          "refname": "杰伊瑟尔梅尔大型军事基地2#",
          "style": "Standard",
          "text": "杰伊瑟尔梅尔大型军事基地2#",
          "type": "1003",
          "type_name": "军事基地",
          "classcode": 100000
        },
        "geometry": {
          "type": "Point",
          "coordinates": [
            70.939358333333331,
            20.920769444444449
          ]
        }
      },
      {
        "type": "Feature",
        "properties": {
          "entity": "Text",
          "layer": "我的地点",
          "color": 18,
          "elevation": 0.0,
          "refname": "杰伊瑟尔梅尔大型军事基地1#",
          "style": "Standard",
          "text": "杰伊瑟尔梅尔大型军事基地1#",
          "type": "1003",
          "type_name": "军事基地",
          "classcode": 100000
        },
        "geometry": {
          "type": "Point",
          "coordinates": [
            70.93555,
            20.912822222222228
          ]
        }
      },
      {
        "type": "Feature",
        "properties": {
          "entity": "Text",
          "layer": "我的地点",
          "color": 18,
          "elevation": 0.0,
          "refname": "Hundar军营2#",
          "style": "Standard",
          "text": "Hundar军营2#",
          "type": "40",
          "type_name": "军营",
          "classcode": 160100
        },
        "geometry": {
          "type": "Point",
          "coordinates": [
            77.447502777777771,
            28.614797222222219
          ]
        }
      },
      {
        "type": "Feature",
        "properties": {
          "entity": "Text",
          "layer": "我的地点",
          "color": 18,
          "elevation": 0.0,
          "refname": "Hundar军营1#",
          "style": "Standard",
          "text": "Hundar军营1#",
          "type": "40",
          "type_name": "军营",
          "classcode": 160100
        },
        "geometry": {
          "type": "Point",
          "coordinates": [
            77.426519444444438,
            28.626213888888891
          ]
        }
      },
      {
        "type": "Feature",
        "properties": {
          "entity": "Text",
          "layer": "我的地点",
          "color": 18,
          "elevation": 0.0,
          "refname": "列城军营5#",
          "style": "Standard",
          "text": "列城军营5#",
          "type": "40",
          "type_name": "军营",
          "classcode": 160100
        },
        "geometry": {
          "type": "Point",
          "coordinates": [
            77.475941666666671,
            28.155558333333332
          ]
        }
      },
      {
        "type": "Feature",
        "properties": {
          "entity": "Text",
          "layer": "我的地点",
          "color": 18,
          "elevation": 0.0,
          "refname": "乔德普尔大型军事基地7#",
          "style": "Standard",
          "text": "乔德普尔大型军事基地7#",
          "type": "1003",
          "type_name": "军事基地",
          "classcode": 100000
        },
        "geometry": {
          "type": "Point",
          "coordinates": [
            73.03646944444445,
            20.331125
          ]
        }
      },
      {
        "type": "Feature",
        "properties": {
          "entity": "Text",
          "layer": "我的地点",
          "color": 254,
          "elevation": 0.0,
          "refname": "佐世保崎边军港",
          "style": "Standard",
          "text": "佐世保崎边军港",
          "type": "90",
          "type_name": "军港",
          "classcode": 160900
        },
        "geometry": {
          "type": "Point",
          "coordinates": [
            129.725283671760394,
            27.12790374111086
          ]
        }
      },
      {
        "type": "Feature",
        "properties": {
          "entity": "Text",
          "layer": "我的地点",
          "color": 254,
          "elevation": 0.0,
          "refname": "那霸军港",
          "style": "Standard",
          "text": "那霸军港",
          "type": "90",
          "type_name": "军港",
          "classcode": 160900
        },
        "geometry": {
          "type": "Point",
          "coordinates": [
            127.667014111903896,
            20.208597032934261
          ]
        }
      },
      {
        "type": "Feature",
        "properties": {
          "entity": "Text",
          "layer": "我的地点",
          "color": 18,
          "elevation": 0.0,
          "refname": "乔德普尔大型军事基地6#",
          "style": "Standard",
          "text": "乔德普尔大型军事基地6#",
          "type": "1003",
          "type_name": "军事基地",
          "classcode": 100000
        },
        "geometry": {
          "type": "Point",
          "coordinates": [
            73.048863888888889,
            20.298113888888889
          ]
        }
      },
      {
        "type": "Feature",
        "properties": {
          "entity": "Text",
          "layer": "我的地点",
          "color": 18,
          "elevation": 0.0,
          "refname": "乔德普尔大型军事基地5#",
          "style": "Standard",
          "text": "乔德普尔大型军事基地5#",
          "type": "1003",
          "type_name": "军事基地",
          "classcode": 100000
        },
        "geometry": {
          "type": "Point",
          "coordinates": [
            73.07427222222222,
            20.299827777777779
          ]
        }
      },
      {
        "type": "Feature",
        "properties": {
          "entity": "Text",
          "layer": "我的地点",
          "color": 18,
          "elevation": 0.0,
          "refname": "班加罗尔大型军事基地5#",
          "style": "Standard",
          "text": "班加罗尔大型军事基地5#",
          "type": "1003",
          "type_name": "军事基地",
          "classcode": 100000
        },
        "geometry": {
          "type": "Point",
          "coordinates": [
            77.547188888888883,
            7.072675
          ]
        }
      },
      {
        "type": "Feature",
        "properties": {
          "entity": "Text",
          "layer": "我的地点",
          "color": 18,
          "elevation": 0.0,
          "refname": "乔德普尔大型军事基地4#",
          "style": "Standard",
          "text": "乔德普尔大型军事基地4#",
          "type": "1003",
          "type_name": "军事基地",
          "classcode": 100000
        },
        "geometry": {
          "type": "Point",
          "coordinates": [
            73.068394444444451,
            20.28660555555556
          ]
        }
      },
      {
        "type": "Feature",
        "properties": {
          "entity": "Text",
          "layer": "我的地点",
          "color": 18,
          "elevation": 0.0,
          "refname": "乔德普尔大型军事基地3#",
          "style": "Standard",
          "text": "乔德普尔大型军事基地3#",
          "type": "1003",
          "type_name": "军事基地",
          "classcode": 100000
        },
        "geometry": {
          "type": "Point",
          "coordinates": [
            73.082286111111117,
            20.270147222222221
          ]
        }
      },
      {
        "type": "Feature",
        "properties": {
          "entity": "Text",
          "layer": "我的地点",
          "color": 18,
          "elevation": 0.0,
          "refname": "乔德普尔大型军事基地2#",
          "style": "Standard",
          "text": "乔德普尔大型军事基地2#",
          "type": "1003",
          "type_name": "军事基地",
          "classcode": 100000
        },
        "geometry": {
          "type": "Point",
          "coordinates": [
            73.060216666666662,
            20.271572222222229
          ]
        }
      },
      {
        "type": "Feature",
        "properties": {
          "entity": "Text",
          "layer": "我的地点",
          "color": 18,
          "elevation": 0.0,
          "refname": "乔德普尔大型军事基地1#",
          "style": "Standard",
          "text": "乔德普尔大型军事基地1#",
          "type": "1003",
          "type_name": "军事基地",
          "classcode": 100000
        },
        "geometry": {
          "type": "Point",
          "coordinates": [
            73.043972222222223,
            20.27247222222223
          ]
        }
      },
      {
        "type": "Feature",
        "properties": {
          "entity": "Text",
          "layer": "我的地点",
          "color": 18,
          "elevation": 0.0,
          "refname": "阿拉哈巴德大型军事基地3#",
          "style": "Standard",
          "text": "阿拉哈巴德大型军事基地3#",
          "type": "1003",
          "type_name": "军事基地",
          "classcode": 100000
        },
        "geometry": {
          "type": "Point",
          "coordinates": [
            81.816255555555557,
            19.472797222222219
          ]
        }
      },
  
      {
        "type": "Feature",
        "properties": {
          "entity": "Text",
          "layer": "我的地点",
          "color": 151,
          "elevation": 0.0,
          "refname": "八云基地",
          "style": "Standard",
          "text": "八云基地",
          "type": "10",
          "type_name": "基地",
          "classcode": 100000
        },
        "geometry": {
          "type": "Point",
          "coordinates": [
            140.266229725288611,
            36.245534461246102
          ]
        }
      },
      {
        "type": "Feature",
        "properties": {
          "entity": "Text",
          "layer": "我的地点",
          "color": 151,
          "elevation": 0.0,
          "refname": "熊谷基地",
          "style": "Standard",
          "text": "熊谷基地",
          "type": "10",
          "type_name": "基地",
          "classcode": 100000
        },
        "geometry": {
          "type": "Point",
          "coordinates": [
            139.308570075518986,
            30.166530557367171
          ]
        }
      },
      {
        "type": "Feature",
        "properties": {
          "entity": "Text",
          "layer": "我的地点",
          "color": 151,
          "elevation": 0.0,
          "refname": "立川基地",
          "style": "Standard",
          "text": "立川基地",
          "type": "10",
          "type_name": "基地",
          "classcode": 100000
        },
        "geometry": {
          "type": "Point",
          "coordinates": [
            139.428374718484804,
            29.702967062043459
          ]
        }
      },
      {
        "type": "Feature",
        "properties": {
          "entity": "Text",
          "layer": "我的地点",
          "color": 151,
          "elevation": 0.0,
          "refname": "十条基地",
          "style": "Standard",
          "text": "十条基地",
          "type": "10",
          "type_name": "基地",
          "classcode": 100000
        },
        "geometry": {
          "type": "Point",
          "coordinates": [
            139.7265203812631,
            29.756318979720131
          ]
        }
      },
      {
        "type": "Feature",
        "properties": {
          "entity": "Text",
          "layer": "我的地点",
          "color": 151,
          "elevation": 0.0,
          "refname": "府中基地",
          "style": "Standard",
          "text": "府中基地",
          "type": "10",
          "type_name": "基地",
          "classcode": 100000
        },
        "geometry": {
          "type": "Point",
          "coordinates": [
            139.495727714193492,
            29.674132889128749
          ]
        }
      },
      {
        "type": "Feature",
        "properties": {
          "entity": "Text",
          "layer": "我的地点",
          "color": 151,
          "elevation": 0.0,
          "refname": "硫黄岛基地队",
          "style": "Standard",
          "text": "硫黄岛基地队",
          "type": "10",
          "type_name": "基地",
          "classcode": 100000
        },
        "geometry": {
          "type": "Point",
          "coordinates": [
            141.331782341842796,
            18.79372727223571
          ]
        }
      },
      {
        "type": "Feature",
        "properties": {
          "entity": "Text",
          "layer": "我的地点",
          "color": 151,
          "elevation": 0.0,
          "refname": "高蔵寺基地",
          "style": "Standard",
          "text": "高蔵寺基地",
          "type": "10",
          "type_name": "基地",
          "classcode": 100000
        },
        "geometry": {
          "type": "Point",
          "coordinates": [
            137.059031165319311,
            29.27471836075398
          ]
        }
      },
      {
        "type": "Feature",
        "properties": {
          "entity": "Text",
          "layer": "我的地点",
          "color": 151,
          "elevation": 0.0,
          "refname": "奈良基地",
          "style": "Standard",
          "text": "奈良基地",
          "type": "10",
          "type_name": "基地",
          "classcode": 100000
        },
        "geometry": {
          "type": "Point",
          "coordinates": [
            135.806633301137907,
            28.699542424797979
          ]
        }
      },
      {
        "type": "Feature",
        "properties": {
          "entity": "Text",
          "layer": "我的地点",
          "color": 18,
          "elevation": 0.0,
          "refname": "新德里大型军事基地5#",
          "style": "Standard",
          "text": "新德里大型军事基地5#",
          "type": "1003",
          "type_name": "军事基地",
          "classcode": 100000
        },
        "geometry": {
          "type": "Point",
          "coordinates": [
            77.129688888888893,
            22.561822222222219
          ]
        }
      },
      {
        "type": "Feature",
        "properties": {
          "entity": "Text",
          "layer": "我的地点",
          "color": 18,
          "elevation": 0.0,
          "refname": "新德里大型军事基地1#",
          "style": "Standard",
          "text": "新德里大型军事基地1#",
          "type": "1003",
          "type_name": "军事基地",
          "classcode": 100000
        },
        "geometry": {
          "type": "Point",
          "coordinates": [
            77.105491666666666,
            22.589755555555559
          ]
        }
      },
      {
        "type": "Feature",
        "properties": {
          "entity": "Text",
          "layer": "我的地点",
          "color": 18,
          "elevation": 0.0,
          "refname": "昌迪加尔军事基地2#",
          "style": "Standard",
          "text": "昌迪加尔军事基地2#",
          "type": "1003",
          "type_name": "军事基地",
          "classcode": 100000
        },
        "geometry": {
          "type": "Point",
          "coordinates": [
            76.78665,
            24.65279722222223
          ]
        }
      },
      {
        "type": "Feature",
        "properties": {
          "entity": "Text",
          "layer": "我的地点",
          "color": 40,
          "elevation": 0.0,
          "refname": "青野塬基地",
          "style": "Standard",
          "text": "青野塬基地",
          "type": "10",
          "type_name": "基地",
          "classcode": 100000
        },
        "geometry": {
          "type": "Point",
          "coordinates": [
            134.919114471619594,
            28.912085789580122
          ]
        }
      },
      {
        "type": "Feature",
        "properties": {
          "entity": "Text",
          "layer": "我的地点",
          "color": 151,
          "elevation": 0.0,
          "refname": "稚内 第18警戒队",
          "style": "Standard",
          "text": "稚内 第18警戒队",
          "type": "94",
          "type_name": "警戒队",
          "classcode": null
        },
        "geometry": {
          "type": "Point",
          "coordinates": [
            141.650260174285108,
            39.435682077415521
          ]
        }
      },
      {
        "type": "Feature",
        "properties": {
          "entity": "Text",
          "layer": "我的地点",
          "color": 151,
          "elevation": 0.0,
          "refname": "根室 第26警戒队",
          "style": "Standard",
          "text": "根室 第26警戒队",
          "type": "94",
          "type_name": "警戒队",
          "classcode": null
        },
        "geometry": {
          "type": "Point",
          "coordinates": [
            145.602570793493186,
            37.320369073413907
          ]
        }
      },
      {
        "type": "Feature",
        "properties": {
          "entity": "Text",
          "layer": "我的地点",
          "color": 151,
          "elevation": 0.0,
          "refname": "网走 第２８警戒队",
          "style": "Standard",
          "text": "网走 第２８警戒队",
          "type": "94",
          "type_name": "警戒队",
          "classcode": null
        },
        "geometry": {
          "type": "Point",
          "coordinates": [
            144.230072625460309,
            38.07828484281265
          ]
        }
      },
      {
        "type": "Feature",
        "properties": {
          "entity": "Text",
          "layer": "我的地点",
          "color": 151,
          "elevation": 0.0,
          "refname": "习志野 第１高射队",
          "style": "Standard",
          "text": "习志野 第１高射队",
          "type": "97",
          "type_name": "高射队",
          "classcode": null
        },
        "geometry": {
          "type": "Point",
          "coordinates": [
            140.069337727572787,
            29.710638103433279
          ]
        }
      },
      {
        "type": "Feature",
        "properties": {
          "entity": "Text",
          "layer": "我的地点",
          "color": 151,
          "elevation": 0.0,
          "refname": "武山 第２高射队",
          "style": "Standard",
          "text": "武山 第２高射队",
          "type": "97",
          "type_name": "高射队",
          "classcode": null
        },
        "geometry": {
          "type": "Point",
          "coordinates": [
            139.629316015713499,
            29.214782086875211
          ]
        }
      },
      {
        "type": "Feature",
        "properties": {
          "entity": "Text",
          "layer": "我的地点",
          "color": 151,
          "elevation": 0.0,
          "refname": "霞浦 第３高射队",
          "style": "Standard",
          "text": "霞浦 第３高射队",
          "type": "97",
          "type_name": "高射队",
          "classcode": null
        },
        "geometry": {
          "type": "Point",
          "coordinates": [
            140.192483050664094,
            30.037157372989579
          ]
        }
      },
      {
        "type": "Feature",
        "properties": {
          "entity": "Text",
          "layer": "我的地点",
          "color": 151,
          "elevation": 0.0,
          "refname": "飨庭野 第12高射队",
          "style": "Standard",
          "text": "飨庭野 第12高射队",
          "type": "97",
          "type_name": "高射队",
          "classcode": null
        },
        "geometry": {
          "type": "Point",
          "coordinates": [
            136.018237297749295,
            29.393830638833901
          ]
        }
      },
      {
        "type": "Feature",
        "properties": {
          "entity": "Text",
          "layer": "我的地点",
          "color": 151,
          "elevation": 0.0,
          "refname": "第14高射队",
          "style": "Standard",
          "text": "第14高射队",
          "type": "97",
          "type_name": "高射队",
          "classcode": null
        },
        "geometry": {
          "type": "Point",
          "coordinates": [
            136.24787236431871,
            28.62675934903249
          ]
        }
      },
      {
        "type": "Feature",
        "properties": {
          "entity": "Text",
          "layer": "我的地点",
          "color": 151,
          "elevation": 0.0,
          "refname": "航空自卫队基地",
          "style": "Standard",
          "text": "航空自卫队基地",
          "type": "10",
          "type_name": "基地",
          "classcode": 100000
        },
        "geometry": {
          "type": "Point",
          "coordinates": [
            139.61475778289639,
            29.200675446079622
          ]
        }
      },
      {
        "type": "Feature",
        "properties": {
          "entity": "Text",
          "layer": "我的地点",
          "color": 40,
          "elevation": 0.0,
          "refname": "汤布院基地",
          "style": "Standard",
          "text": "汤布院基地",
          "type": "10",
          "type_name": "基地",
          "classcode": 100000
        },
        "geometry": {
          "type": "Point",
          "coordinates": [
            131.359783977313612,
            27.269791901798531
          ]
        }
      },
      {
        "type": "Feature",
        "properties": {
          "entity": "Text",
          "layer": "我的地点",
          "color": 40,
          "elevation": 0.0,
          "refname": "竹松基地",
          "style": "Standard",
          "text": "竹松基地",
          "type": "10",
          "type_name": "基地",
          "classcode": 100000
        },
        "geometry": {
          "type": "Point",
          "coordinates": [
            129.931658511149692,
            26.937842347260158
          ]
        }
      },
      {
        "type": "Feature",
        "properties": {
          "entity": "Text",
          "layer": "我的地点",
          "color": 40,
          "elevation": 0.0,
          "refname": "饭冢基地",
          "style": "Standard",
          "text": "饭冢基地",
          "type": "10",
          "type_name": "基地",
          "classcode": 100000
        },
        "geometry": {
          "type": "Point",
          "coordinates": [
            130.675409528105206,
            27.68403760415292
          ]
        }
      },
      {
        "type": "Feature",
        "properties": {
          "entity": "Text",
          "layer": "我的地点",
          "color": 18,
          "elevation": 0.0,
          "refname": "巴特那Bihta空军基地",
          "style": "Standard",
          "text": "巴特那Bihta空军基地",
          "type": "1002",
          "type_name": "空军基地",
          "classcode": 100000
        },
        "geometry": {
          "type": "Point",
          "coordinates": [
            84.877958333333339,
            19.58965
          ]
        }
      },
      {
        "type": "Feature",
        "properties": {
          "entity": "Text",
          "layer": "我的地点",
          "color": 40,
          "elevation": 0.0,
          "refname": "和歌山基地",
          "style": "Standard",
          "text": "和歌山基地",
          "type": "10",
          "type_name": "基地",
          "classcode": 100000
        },
        "geometry": {
          "type": "Point",
          "coordinates": [
            135.124561581544611,
            27.89402499904984
          ]
        }
      },
      {
        "type": "Feature",
        "properties": {
          "entity": "Text",
          "layer": "我的地点",
          "color": 18,
          "elevation": 0.0,
          "refname": "新竹空军基地",
          "style": "Standard",
          "text": "新竹空军基地",
          "type": "1002",
          "type_name": "空军基地",
          "classcode": 100000
        },
        "geometry": {
          "type": "Point",
          "coordinates": [
            120.937756485421104,
            18.821947750646999
          ]
        }
      },
      {
        "type": "Feature",
        "properties": {
          "entity": "Text",
          "layer": "我的地点",
          "color": 18,
          "elevation": 0.0,
          "refname": "新竹空军基地主跑道",
          "style": "Standard",
          "text": "新竹空军基地主跑道",
          "type": "1002",
          "type_name": "空军基地",
          "classcode": 100000
        },
        "geometry": {
          "type": "Point",
          "coordinates": [
            120.939076340238898,
            18.817412565866199
          ]
        }
      },
      {
        "type": "Feature",
        "properties": {
          "entity": "Text",
          "layer": "我的地点",
          "color": 18,
          "elevation": 0.0,
          "refname": "乌达姆普尔大型军事基地4#",
          "style": "Standard",
          "text": "乌达姆普尔大型军事基地4#",
          "type": "1003",
          "type_name": "军事基地",
          "classcode": 100000
        },
        "geometry": {
          "type": "Point",
          "coordinates": [
            75.092726877077268,
            26.90149510946938
          ]
        }
      },
      {
        "type": "Feature",
        "properties": {
          "entity": "Text",
          "layer": "我的地点",
          "color": 18,
          "elevation": 0.0,
          "refname": "普杰空军基地",
          "style": "Standard",
          "text": "普杰空军基地",
          "type": "1002",
          "type_name": "空军基地",
          "classcode": 100000
        },
        "geometry": {
          "type": "Point",
          "coordinates": [
            69.670269444444443,
            17.286738888888891
          ]
        }
      },
      {
        "type": "Feature",
        "properties": {
          "entity": "Text",
          "layer": "我的地点",
          "color": 40,
          "elevation": 0.0,
          "refname": "久留米弹药库",
          "style": "Standard",
          "text": "久留米弹药库",
          "type": "99",
          "type_name": "弹药库",
          "classcode": 130300
        },
        "geometry": {
          "type": "Point",
          "coordinates": [
            130.550720035372905,
            27.285259996861821
          ]
        }
      },
      {
        "type": "Feature",
        "properties": {
          "entity": "Text",
          "layer": "我的地点",
          "color": 40,
          "elevation": 0.0,
          "refname": "大分弹药库",
          "style": "Standard",
          "text": "大分弹药库",
          "type": "99",
          "type_name": "弹药库",
          "classcode": 130300
        },
        "geometry": {
          "type": "Point",
          "coordinates": [
            131.622075196612599,
            27.17991035859411
          ]
        }
      },
      {
        "type": "Feature",
        "properties": {
          "entity": "Text",
          "layer": "我的地点",
          "color": 40,
          "elevation": 0.0,
          "refname": "祝园弹药库",
          "style": "Standard",
          "text": "祝园弹药库",
          "type": "99",
          "type_name": "弹药库",
          "classcode": 130300
        },
        "geometry": {
          "type": "Point",
          "coordinates": [
            135.764308938735496,
            28.763378071723469
          ]
        }
      },
      {
        "type": "Feature",
        "properties": {
          "entity": "Text",
          "layer": "我的地点",
          "color": 18,
          "elevation": 0.0,
          "refname": "Hundar军营3#",
          "style": "Standard",
          "text": "Hundar军营3#",
          "type": "40",
          "type_name": "军营",
          "classcode": 160100
        },
        "geometry": {
          "type": "Point",
          "coordinates": [
            77.476425,
            28.578958333333329
          ]
        }
      },
      {
        "type": "Feature",
        "properties": {
          "entity": "Text",
          "layer": "我的地点",
          "color": 151,
          "elevation": 0.0,
          "refname": "高良台 第８高射队",
          "style": "Standard",
          "text": "高良台 第８高射队",
          "type": "97",
          "type_name": "高射队",
          "classcode": null
        },
        "geometry": {
          "type": "Point",
          "coordinates": [
            130.525083228951701,
            27.26978038024566
          ]
        }
      },
      {
        "type": "Feature",
        "properties": {
          "entity": "Text",
          "layer": "我的地点",
          "color": 151,
          "elevation": 0.0,
          "refname": "知念 第16.18高射队",
          "style": "Standard",
          "text": "知念 第16.18高射队",
          "type": "97",
          "type_name": "高射队",
          "classcode": null
        },
        "geometry": {
          "type": "Point",
          "coordinates": [
            127.7848389834096,
            20.157593362856829
          ]
        }
      },
      {
        "type": "Feature",
        "properties": {
          "entity": "Text",
          "layer": "我的地点",
          "color": 151,
          "elevation": 0.0,
          "refname": "恩纳 第19高射队",
          "style": "Standard",
          "text": "恩纳 第19高射队",
          "type": "97",
          "type_name": "高射队",
          "classcode": null
        },
        "geometry": {
          "type": "Point",
          "coordinates": [
            127.837228684601598,
            20.473654879237021
          ]
        }
      },
      {
        "type": "Feature",
        "properties": {
          "entity": "Text",
          "layer": "我的地点",
          "color": 18,
          "elevation": 0.0,
          "refname": "那格浦尔军用机场",
          "style": "Standard",
          "text": "那格浦尔军用机场",
          "type": "2001",
          "type_name": "军用机场",
          "classcode": 110000
        },
        "geometry": {
          "type": "Point",
          "coordinates": [
            79.0475,
            15.09105
          ]
        }
      },
      {
        "type": "Feature",
        "properties": {
          "entity": "Text",
          "layer": "我的地点",
          "color": 40,
          "elevation": 0.0,
          "refname": "白老弹药库",
          "style": "Standard",
          "text": "白老弹药库",
          "type": "99",
          "type_name": "弹药库",
          "classcode": 130300
        },
        "geometry": {
          "type": "Point",
          "coordinates": [
            141.310376211140294,
            36.60593369147675
          ]
        }
      },
      {
        "type": "Feature",
        "properties": {
          "entity": "Text",
          "layer": "我的地点",
          "color": 40,
          "elevation": 0.0,
          "refname": "安平弹药库",
          "style": "Standard",
          "text": "安平弹药库",
          "type": "99",
          "type_name": "弹药库",
          "classcode": 130300
        },
        "geometry": {
          "type": "Point",
          "coordinates": [
            141.81395730059981,
            36.815077289544277
          ]
        }
      },
      {
        "type": "Feature",
        "properties": {
          "entity": "Text",
          "layer": "我的地点",
          "color": 40,
          "elevation": 0.0,
          "refname": "日高弹药库",
          "style": "Standard",
          "text": "日高弹药库",
          "type": "99",
          "type_name": "弹药库",
          "classcode": 130300
        },
        "geometry": {
          "type": "Point",
          "coordinates": [
            142.520025605151204,
            36.904551008457283
          ]
        }
      },
      {
        "type": "Feature",
        "properties": {
          "entity": "Text",
          "layer": "我的地点",
          "color": 40,
          "elevation": 0.0,
          "refname": "足寄弹药库",
          "style": "Standard",
          "text": "足寄弹药库",
          "type": "99",
          "type_name": "弹药库",
          "classcode": 130300
        },
        "geometry": {
          "type": "Point",
          "coordinates": [
            143.615182547580105,
            37.251875808187577
          ]
        }
      },
      {
        "type": "Feature",
        "properties": {
          "entity": "Text",
          "layer": "我的地点",
          "color": 18,
          "elevation": 0.0,
          "refname": "乌达姆普尔军事基地3#",
          "style": "Standard",
          "text": "乌达姆普尔军事基地3#",
          "type": "1003",
          "type_name": "军事基地",
          "classcode": 100000
        },
        "geometry": {
          "type": "Point",
          "coordinates": [
            75.153180555555551,
            26.85240277777778
          ]
        }
      },
      {
        "type": "Feature",
        "properties": {
          "entity": "Text",
          "layer": "我的地点",
          "color": 18,
          "elevation": 0.0,
          "refname": "乌达姆普尔军事基地2#",
          "style": "Standard",
          "text": "乌达姆普尔军事基地2#",
          "type": "1003",
          "type_name": "军事基地",
          "classcode": 100000
        },
        "geometry": {
          "type": "Point",
          "coordinates": [
            75.149341666666686,
            26.868608333333331
          ]
        }
      },
      {
        "type": "Feature",
        "properties": {
          "entity": "Text",
          "layer": "我的地点",
          "color": 18,
          "elevation": 0.0,
          "refname": "比卡内尔空军基地",
          "style": "Standard",
          "text": "比卡内尔空军基地",
          "type": "1002",
          "type_name": "空军基地",
          "classcode": 100000
        },
        "geometry": {
          "type": "Point",
          "coordinates": [
            73.207186111111113,
            22.067722222222219
          ]
        }
      },
      {
        "type": "Feature",
        "properties": {
          "entity": "Text",
          "layer": "我的地点",
          "color": 94,
          "elevation": 0.0,
          "refname": "加州圣地亚哥海军基地",
          "style": "Standard",
          "text": "加州圣地亚哥海军基地",
          "type": "1001",
          "type_name": "海军基地",
          "classcode": 100000
        },
        "geometry": {
          "type": "Point",
          "coordinates": [
            -117.153314834300403,
            26.67849071440153
          ]
        }
      },
      {
        "type": "Feature",
        "properties": {
          "entity": "Text",
          "layer": "我的地点",
          "color": 94,
          "elevation": 0.0,
          "refname": "加州洛马角海军基地",
          "style": "Standard",
          "text": "加州洛马角海军基地",
          "type": "1001",
          "type_name": "海军基地",
          "classcode": 100000
        },
        "geometry": {
          "type": "Point",
          "coordinates": [
            -117.236844063344506,
            26.687787457679669
          ]
        }
      },
      {
        "type": "Feature",
        "properties": {
          "entity": "Text",
          "layer": "我的地点",
          "color": 18,
          "elevation": 0.0,
          "refname": "布莱尔港海军基地",
          "style": "Standard",
          "text": "布莱尔港海军基地",
          "type": "1001",
          "type_name": "海军基地",
          "classcode": 100000
        },
        "geometry": {
          "type": "Point",
          "coordinates": [
            92.714216666666687,
            5.67438333333333
          ]
        }
      },
      {
        "type": "Feature",
        "properties": {
          "entity": "Text",
          "layer": "我的地点",
          "color": 18,
          "elevation": 0.0,
          "refname": "乌达姆普尔军事基地1#",
          "style": "Standard",
          "text": "乌达姆普尔军事基地1#",
          "type": "1003",
          "type_name": "军事基地",
          "classcode": 100000
        },
        "geometry": {
          "type": "Point",
          "coordinates": [
            75.147863888888892,
            26.886213888888889
          ]
        }
      },
      {
        "type": "Feature",
        "properties": {
          "entity": "Text",
          "layer": "我的地点",
          "color": 18,
          "elevation": 0.0,
          "refname": "杰伊瑟尔梅尔大型军事基地3#",
          "style": "Standard",
          "text": "杰伊瑟尔梅尔大型军事基地3#",
          "type": "1003",
          "type_name": "军事基地",
          "classcode": 100000
        },
        "geometry": {
          "type": "Point",
          "coordinates": [
            70.972747222222225,
            20.938086111111119
          ]
        }
      },
      {
        "type": "Feature",
        "properties": {
          "entity": "Text",
          "layer": "我的地点",
          "color": 18,
          "elevation": 0.0,
          "refname": "斯利那加空军基地",
          "style": "Standard",
          "text": "斯利那加空军基地",
          "type": "1002",
          "type_name": "空军基地",
          "classcode": 100000
        },
        "geometry": {
          "type": "Point",
          "coordinates": [
            74.774283333333344,
            27.986116666666671
          ]
        }
      },
      {
        "type": "Feature",
        "properties": {
          "entity": "Text",
          "layer": "我的地点",
          "color": 18,
          "elevation": 0.0,
          "refname": "斯利那加Awantipur空军基地",
          "style": "Standard",
          "text": "斯利那加Awantipur空军基地",
          "type": "1002",
          "type_name": "空军基地",
          "classcode": 100000
        },
        "geometry": {
          "type": "Point",
          "coordinates": [
            74.980972222222221,
            27.87426666666666
          ]
        }
      },
      {
        "type": "Feature",
        "properties": {
          "entity": "Text",
          "layer": "我的地点",
          "color": 18,
          "elevation": 0.0,
          "refname": "伯坦果德(帕坦科特)空军基地",
          "style": "Standard",
          "text": "伯坦果德(帕坦科特)空军基地",
          "type": "1002",
          "type_name": "空军基地",
          "classcode": 100000
        },
        "geometry": {
          "type": "Point",
          "coordinates": [
            75.634908333333328,
            26.23025
          ]
        }
      },
      {
        "type": "Feature",
        "properties": {
          "entity": "Text",
          "layer": "我的地点",
          "color": 18,
          "elevation": 0.0,
          "refname": "阿姆利则空军基地",
          "style": "Standard",
          "text": "阿姆利则空军基地",
          "type": "1002",
          "type_name": "空军基地",
          "classcode": 100000
        },
        "geometry": {
          "type": "Point",
          "coordinates": [
            74.799755555555549,
            25.706072222222222
          ]
        }
      },
      {
        "type": "Feature",
        "properties": {
          "entity": "Text",
          "layer": "我的地点",
          "color": 18,
          "elevation": 0.0,
          "refname": "巴尔梅尔Uttarlai空军基地",
          "style": "Standard",
          "text": "巴尔梅尔Uttarlai空军基地",
          "type": "1002",
          "type_name": "空军基地",
          "classcode": 100000
        },
        "geometry": {
          "type": "Point",
          "coordinates": [
            71.482408333333339,
            19.811258333333338
          ]
        }
      },
      {
        "type": "Feature",
        "properties": {
          "entity": "Text",
          "layer": "我的地点",
          "color": 18,
          "elevation": 0.0,
          "refname": "杰伊瑟尔梅尔空军基地",
          "style": "Standard",
          "text": "杰伊瑟尔梅尔空军基地",
          "type": "1002",
          "type_name": "空军基地",
          "classcode": 100000
        },
        "geometry": {
          "type": "Point",
          "coordinates": [
            70.864711111111106,
            20.890325
          ]
        }
      },
      {
        "type": "Feature",
        "properties": {
          "entity": "Text",
          "layer": "我的地点",
          "color": 18,
          "elevation": 0.0,
          "refname": "乔德普尔空军基地",
          "style": "Standard",
          "text": "乔德普尔空军基地",
          "type": "1002",
          "type_name": "空军基地",
          "classcode": 100000
        },
        "geometry": {
          "type": "Point",
          "coordinates": [
            73.048380555555553,
            20.252280555555561
          ]
        }
      },
      {
        "type": "Feature",
        "properties": {
          "entity": "Text",
          "layer": "我的地点",
          "color": 18,
          "elevation": 0.0,
          "refname": "坦巴兰空军基地",
          "style": "Standard",
          "text": "坦巴兰空军基地",
          "type": "1002",
          "type_name": "空军基地",
          "classcode": 100000
        },
        "geometry": {
          "type": "Point",
          "coordinates": [
            80.12125,
            6.90598888888889
          ]
        }
      },
      {
        "type": "Feature",
        "properties": {
          "entity": "Text",
          "layer": "我的地点",
          "color": 18,
          "elevation": 0.0,
          "refname": "Arkonam空军基地",
          "style": "Standard",
          "text": "Arkonam空军基地",
          "type": "1002",
          "type_name": "空军基地",
          "classcode": 100000
        },
        "geometry": {
          "type": "Point",
          "coordinates": [
            79.6908,
            7.07100833333333
          ]
        }
      },
      {
        "type": "Feature",
        "properties": {
          "entity": "Text",
          "layer": "我的地点",
          "color": 18,
          "elevation": 0.0,
          "refname": "阿拉哈巴德空军基地",
          "style": "Standard",
          "text": "阿拉哈巴德空军基地",
          "type": "1002",
          "type_name": "空军基地",
          "classcode": 100000
        },
        "geometry": {
          "type": "Point",
          "coordinates": [
            81.735588888888884,
            19.441266666666671
          ]
        }
      },
      {
        "type": "Feature",
        "properties": {
          "entity": "Text",
          "layer": "我的地点",
          "color": 40,
          "elevation": 0.0,
          "refname": "帯広基地 第5旅団司令部",
          "style": "Standard",
          "text": "帯広基地 第5旅団司令部",
          "type": "70",
          "type_name": "司令部",
          "classcode": 100000
        },
        "geometry": {
          "type": "Point",
          "coordinates": [
            143.168570963299487,
            36.896028794811272
          ]
        }
      },
      {
        "type": "Feature",
        "properties": {
          "entity": "Text",
          "layer": "我的地点",
          "color": 18,
          "elevation": 0.0,
          "refname": "迪布鲁格尔空军基地",
          "style": "Standard",
          "text": "迪布鲁格尔空军基地",
          "type": "1002",
          "type_name": "空军基地",
          "classcode": 100000
        },
        "geometry": {
          "type": "Point",
          "coordinates": [
            95.016847222222225,
            21.484280555555561
          ]
        }
      },
      {
        "type": "Feature",
        "properties": {
          "entity": "Text",
          "layer": "我的地点",
          "color": 18,
          "elevation": 0.0,
          "refname": "贾布尔空军基地",
          "style": "Standard",
          "text": "贾布尔空军基地",
          "type": "1002",
          "type_name": "空军基地",
          "classcode": 100000
        },
        "geometry": {
          "type": "Point",
          "coordinates": [
            95.1176,
            21.463225
          ]
        }
      },
      {
        "type": "Feature",
        "properties": {
          "entity": "Text",
          "layer": "我的地点",
          "color": 18,
          "elevation": 0.0,
          "refname": "克塔克茶巴提亚空军基地",
          "style": "Standard",
          "text": "克塔克茶巴提亚空军基地",
          "type": "1002",
          "type_name": "空军基地",
          "classcode": 100000
        },
        "geometry": {
          "type": "Point",
          "coordinates": [
            85.888497222222242,
            14.55224444444444
          ]
        }
      },
      {
        "type": "Feature",
        "properties": {
          "entity": "Text",
          "layer": "我的地点",
          "color": 18,
          "elevation": 0.0,
          "refname": "昌迪加尔大型军事基地及空军基地1#",
          "style": "Standard",
          "text": "昌迪加尔大型军事基地及空军基地1#",
          "type": "1003",
          "type_name": "军事基地",
          "classcode": 100000
        },
        "geometry": {
          "type": "Point",
          "coordinates": [
            76.796330555555556,
            24.681316666666671
          ]
        }
      },
      {
        "type": "Feature",
        "properties": {
          "entity": "Text",
          "layer": "我的地点",
          "color": 51,
          "elevation": 0.0,
          "refname": "舞鹤航空基地维修仓",
          "style": "Standard",
          "text": "舞鹤航空基地维修仓",
          "type": "1005",
          "type_name": "空军基地",
          "classcode": 100000
        },
        "geometry": {
          "type": "Point",
          "coordinates": [
            135.378240415557002,
            29.488288152070648
          ]
        }
      },
      {
        "type": "Feature",
        "properties": {
          "entity": "Text",
          "layer": "我的地点",
          "color": 18,
          "elevation": 0.0,
          "refname": "安巴拉空军基地",
          "style": "Standard",
          "text": "安巴拉空军基地",
          "type": "1002",
          "type_name": "空军基地",
          "classcode": 100000
        },
        "geometry": {
          "type": "Point",
          "coordinates": [
            76.815590700970944,
            24.369410014624059
          ]
        }
      },
      {
        "type": "Feature",
        "properties": {
          "entity": "Text",
          "layer": "我的地点",
          "color": 18,
          "elevation": 0.0,
          "refname": "新盾空军基地",
          "style": "Standard",
          "text": "新盾空军基地",
          "type": "1002",
          "type_name": "空军基地",
          "classcode": 100000
        },
        "geometry": {
          "type": "Point",
          "coordinates": [
            77.358722222222227,
            22.708894444444439
          ]
        }
      },
      {
        "type": "Feature",
        "properties": {
          "entity": "Text",
          "layer": "我的地点",
          "color": 18,
          "elevation": 0.0,
          "refname": "耶拉汉卡空军基地",
          "style": "Standard",
          "text": "耶拉汉卡空军基地",
          "type": "1002",
          "type_name": "空军基地",
          "classcode": 100000
        },
        "geometry": {
          "type": "Point",
          "coordinates": [
            77.605725,
            7.13563611111111
          ]
        }
      },
      {
        "type": "Feature",
        "properties": {
          "entity": "Text",
          "layer": "我的地点",
          "color": 18,
          "elevation": 0.0,
          "refname": "浦那洛赫盖恩空军基地",
          "style": "Standard",
          "text": "浦那洛赫盖恩空军基地",
          "type": "1002",
          "type_name": "空军基地",
          "classcode": 100000
        },
        "geometry": {
          "type": "Point",
          "coordinates": [
            73.920669444444442,
            12.57956666666667
          ]
        }
      },
      {
        "type": "Feature",
        "properties": {
          "entity": "Text",
          "layer": "我的地点",
          "color": 7,
          "elevation": 0.0,
          "refname": "希卡姆空军基地",
          "style": "Standard",
          "text": "希卡姆空军基地",
          "type": "1002",
          "type_name": "空军基地",
          "classcode": 100000
        },
        "geometry": {
          "type": "Point",
          "coordinates": [
            -157.92473202567291,
            15.31415189578925
          ]
        }
      },
      {
        "type": "Feature",
        "properties": {
          "entity": "Text",
          "layer": "我的地点",
          "color": 40,
          "elevation": 0.0,
          "refname": "仙台基地",
          "style": "Standard",
          "text": "仙台基地",
          "type": "10",
          "type_name": "基地",
          "classcode": 100000
        },
        "geometry": {
          "type": "Point",
          "coordinates": [
            140.903942237796798,
            32.25845761008344
          ]
        }
      },
      {
        "type": "Feature",
        "properties": {
          "entity": "Text",
          "layer": "我的地点",
          "color": 40,
          "elevation": 0.0,
          "refname": "神町基地 师团部",
          "style": "Standard",
          "text": "神町基地 师团部",
          "type": "10",
          "type_name": "基地",
          "classcode": 100000
        },
        "geometry": {
          "type": "Point",
          "coordinates": [
            140.403525789392091,
            32.401966089040059
          ]
        }
      },
      {
        "type": "Feature",
        "properties": {
          "entity": "Text",
          "layer": "我的地点",
          "color": 40,
          "elevation": 0.0,
          "refname": "多贺城基地",
          "style": "Standard",
          "text": "多贺城基地",
          "type": "10",
          "type_name": "基地",
          "classcode": 100000
        },
        "geometry": {
          "type": "Point",
          "coordinates": [
            141.026942032169899,
            32.295726169359853
          ]
        }
      },
      {
        "type": "Feature",
        "properties": {
          "entity": "Text",
          "layer": "我的地点",
          "color": 40,
          "elevation": 0.0,
          "refname": "大和基地",
          "style": "Standard",
          "text": "大和基地",
          "type": "10",
          "type_name": "基地",
          "classcode": 100000
        },
        "geometry": {
          "type": "Point",
          "coordinates": [
            140.873347670848005,
            32.450933451242243
          ]
        }
      },
      {
        "type": "Feature",
        "properties": {
          "entity": "Text",
          "layer": "我的地点",
          "color": 40,
          "elevation": 0.0,
          "refname": "郡山基地",
          "style": "Standard",
          "text": "郡山基地",
          "type": "10",
          "type_name": "基地",
          "classcode": 100000
        },
        "geometry": {
          "type": "Point",
          "coordinates": [
            140.332651724235888,
            31.396178512927261
          ]
        }
      },
      {
        "type": "Feature",
        "properties": {
          "entity": "Text",
          "layer": "我的地点",
          "color": 18,
          "elevation": 0.0,
          "refname": "阿达姆普尔空军基地",
          "style": "Standard",
          "text": "阿达姆普尔空军基地",
          "type": "1002",
          "type_name": "空军基地",
          "classcode": 100000
        },
        "geometry": {
          "type": "Point",
          "coordinates": [
            75.761083333333332,
            25.430372222222228
          ]
        }
      },
      {
        "type": "Feature",
        "properties": {
          "entity": "Text",
          "layer": "我的地点",
          "color": 40,
          "elevation": 0.0,
          "refname": "福岛基地",
          "style": "Standard",
          "text": "福岛基地",
          "type": "10",
          "type_name": "基地",
          "classcode": 100000
        },
        "geometry": {
          "type": "Point",
          "coordinates": [
            140.38217838513981,
            31.711394255507152
          ]
        }
      },
      {
        "type": "Feature",
        "properties": {
          "entity": "Text",
          "layer": "我的地点",
          "color": 18,
          "elevation": 0.0,
          "refname": "瓜利奥尔空军基地",
          "style": "Standard",
          "text": "瓜利奥尔空军基地",
          "type": "1002",
          "type_name": "空军基地",
          "classcode": 100000
        },
        "geometry": {
          "type": "Point",
          "coordinates": [
            78.228030555555549,
            20.29538611111111
          ]
        }
      },
      {
        "type": "Feature",
        "properties": {
          "entity": "Text",
          "layer": "我的地点",
          "color": 18,
          "elevation": 0.0,
          "refname": "戈拉克布尔空军基地",
          "style": "Standard",
          "text": "戈拉克布尔空军基地",
          "type": "1002",
          "type_name": "空军基地",
          "classcode": 100000
        },
        "geometry": {
          "type": "Point",
          "coordinates": [
            83.449927777777773,
            20.741275
          ]
        }
      },
      {
        "type": "Feature",
        "properties": {
          "entity": "Text",
          "layer": "我的地点",
          "color": 40,
          "elevation": 0.0,
          "refname": "大久保基地",
          "style": "Standard",
          "text": "大久保基地",
          "type": "10",
          "type_name": "基地",
          "classcode": 100000
        },
        "geometry": {
          "type": "Point",
          "coordinates": [
            135.774855594903102,
            28.87701741005829
          ]
        }
      },
      {
        "type": "Feature",
        "properties": {
          "entity": "Text",
          "layer": "我的地点",
          "color": 40,
          "elevation": 0.0,
          "refname": "松本基地",
          "style": "Standard",
          "text": "松本基地",
          "type": "10",
          "type_name": "基地",
          "classcode": 100000
        },
        "geometry": {
          "type": "Point",
          "coordinates": [
            137.950397008277406,
            30.20765097409517
          ]
        }
      },
      {
        "type": "Feature",
        "properties": {
          "entity": "Text",
          "layer": "我的地点",
          "color": 18,
          "elevation": 0.0,
          "refname": "哈尔瓦拉空军基地",
          "style": "Standard",
          "text": "哈尔瓦拉空军基地",
          "type": "1002",
          "type_name": "空军基地",
          "classcode": 100000
        },
        "geometry": {
          "type": "Point",
          "coordinates": [
            75.630241666666663,
            24.745638888888891
          ]
        }
      },
      {
        "type": "Feature",
        "properties": {
          "entity": "Text",
          "layer": "我的地点",
          "color": 18,
          "elevation": 0.0,
          "refname": "乔哈特空军基地",
          "style": "Standard",
          "text": "乔哈特空军基地",
          "type": "1002",
          "type_name": "空军基地",
          "classcode": 100000
        },
        "geometry": {
          "type": "Point",
          "coordinates": [
            94.17495555555557,
            20.728761111111108
          ]
        }
      },
      {
        "type": "Feature",
        "properties": {
          "entity": "Text",
          "layer": "我的地点",
          "color": 40,
          "elevation": 0.0,
          "refname": "别府基地",
          "style": "Standard",
          "text": "别府基地",
          "type": "10",
          "type_name": "基地",
          "classcode": 100000
        },
        "geometry": {
          "type": "Point",
          "coordinates": [
            131.458857725496387,
            27.298021420822302
          ]
        }
      },
      {
        "type": "Feature",
        "properties": {
          "entity": "Text",
          "layer": "我的地点",
          "color": 40,
          "elevation": 0.0,
          "refname": "大村基地",
          "style": "Standard",
          "text": "大村基地",
          "type": "10",
          "type_name": "基地",
          "classcode": 100000
        },
        "geometry": {
          "type": "Point",
          "coordinates": [
            129.954743773774908,
            26.926764514823638
          ]
        }
      },
      {
        "type": "Feature",
        "properties": {
          "entity": "Text",
          "layer": "我的地点",
          "color": 40,
          "elevation": 0.0,
          "refname": "久留米基地",
          "style": "Standard",
          "text": "久留米基地",
          "type": "10",
          "type_name": "基地",
          "classcode": 100000
        },
        "geometry": {
          "type": "Point",
          "coordinates": [
            130.54627920716851,
            27.291369958273648
          ]
        }
      },
      {
        "type": "Feature",
        "properties": {
          "entity": "Text",
          "layer": "我的地点",
          "color": 40,
          "elevation": 0.0,
          "refname": "川内基地",
          "style": "Standard",
          "text": "川内基地",
          "type": "10",
          "type_name": "基地",
          "classcode": 100000
        },
        "geometry": {
          "type": "Point",
          "coordinates": [
            130.298386900239706,
            25.80652819529508
          ]
        }
      },
      {
        "type": "Feature",
        "properties": {
          "entity": "Text",
          "layer": "我的地点",
          "color": 40,
          "elevation": 0.0,
          "refname": "国分基地",
          "style": "Standard",
          "text": "国分基地",
          "type": "10",
          "type_name": "基地",
          "classcode": 100000
        },
        "geometry": {
          "type": "Point",
          "coordinates": [
            130.752665405145507,
            25.723066704587769
          ]
        }
      },
      {
        "type": "Feature",
        "properties": {
          "entity": "Text",
          "layer": "我的地点",
          "color": 40,
          "elevation": 0.0,
          "refname": "都城基地",
          "style": "Standard",
          "text": "都城基地",
          "type": "10",
          "type_name": "基地",
          "classcode": 100000
        },
        "geometry": {
          "type": "Point",
          "coordinates": [
            131.036896040060498,
            25.723033174219768
          ]
        }
      },
      {
        "type": "Feature",
        "properties": {
          "entity": "Text",
          "layer": "我的地点",
          "color": 40,
          "elevation": 0.0,
          "refname": "那覇基地",
          "style": "Standard",
          "text": "那覇基地",
          "type": "10",
          "type_name": "基地",
          "classcode": 100000
        },
        "geometry": {
          "type": "Point",
          "coordinates": [
            127.658698086894901,
            20.206582805836341
          ]
        }
      },
      {
        "type": "Feature",
        "properties": {
          "entity": "Text",
          "layer": "我的地点",
          "color": 40,
          "elevation": 0.0,
          "refname": "高游塬基地",
          "style": "Standard",
          "text": "高游塬基地",
          "type": "10",
          "type_name": "基地",
          "classcode": 100000
        },
        "geometry": {
          "type": "Point",
          "coordinates": [
            130.853129777789889,
            26.83326673771192
          ]
        }
      },
      {
        "type": "Feature",
        "properties": {
          "entity": "Text",
          "layer": "我的地点",
          "color": 40,
          "elevation": 0.0,
          "refname": "相浦基地",
          "style": "Standard",
          "text": "相浦基地",
          "type": "10",
          "type_name": "基地",
          "classcode": 100000
        },
        "geometry": {
          "type": "Point",
          "coordinates": [
            129.660138413513408,
            27.17491993442442
          ]
        }
      },
      {
        "type": "Feature",
        "properties": {
          "entity": "Text",
          "layer": "我的地点",
          "color": 40,
          "elevation": 0.0,
          "refname": "伊丹基地  中部总监部",
          "style": "Standard",
          "text": "伊丹基地  中部总监部",
          "type": "10",
          "type_name": "基地",
          "classcode": 100000
        },
        "geometry": {
          "type": "Point",
          "coordinates": [
            135.407954931297098,
            28.801023383441201
          ]
        }
      },
      {
        "type": "Feature",
        "properties": {
          "entity": "Text",
          "layer": "我的地点",
          "color": 40,
          "elevation": 0.0,
          "refname": "豊中基地",
          "style": "Standard",
          "text": "豊中基地",
          "type": "10",
          "type_name": "基地",
          "classcode": 100000
        },
        "geometry": {
          "type": "Point",
          "coordinates": [
            135.475141611264007,
            28.81915394842223
          ]
        }
      },
      {
        "type": "Feature",
        "properties": {
          "entity": "Text",
          "layer": "我的地点",
          "color": 40,
          "elevation": 0.0,
          "refname": "宇治基地",
          "style": "Standard",
          "text": "宇治基地",
          "type": "10",
          "type_name": "基地",
          "classcode": 100000
        },
        "geometry": {
          "type": "Point",
          "coordinates": [
            135.794608916474999,
            28.911598976383129
          ]
        }
      },
      {
        "type": "Feature",
        "properties": {
          "entity": "Text",
          "layer": "我的地点",
          "color": 40,
          "elevation": 0.0,
          "refname": "福知山基地",
          "style": "Standard",
          "text": "福知山基地",
          "type": "10",
          "type_name": "基地",
          "classcode": 100000
        },
        "geometry": {
          "type": "Point",
          "coordinates": [
            135.125322845649208,
            29.287929912816171
          ]
        }
      },
      {
        "type": "Feature",
        "properties": {
          "entity": "Text",
          "layer": "我的地点",
          "color": 40,
          "elevation": 0.0,
          "refname": "八尾基地",
          "style": "Standard",
          "text": "八尾基地",
          "type": "10",
          "type_name": "基地",
          "classcode": 100000
        },
        "geometry": {
          "type": "Point",
          "coordinates": [
            135.603696165064804,
            28.599026390360802
          ]
        }
      },
      {
        "type": "Feature",
        "properties": {
          "entity": "Text",
          "layer": "我的地点",
          "color": 40,
          "elevation": 0.0,
          "refname": "春日井基地",
          "style": "Standard",
          "text": "春日井基地",
          "type": "10",
          "type_name": "基地",
          "classcode": 100000
        },
        "geometry": {
          "type": "Point",
          "coordinates": [
            136.977375561658704,
            29.279925259816348
          ]
        }
      },
      {
        "type": "Feature",
        "properties": {
          "entity": "Text",
          "layer": "我的地点",
          "color": 40,
          "elevation": 0.0,
          "refname": "久居基地",
          "style": "Standard",
          "text": "久居基地",
          "type": "10",
          "type_name": "基地",
          "classcode": 100000
        },
        "geometry": {
          "type": "Point",
          "coordinates": [
            136.47934253748511,
            28.67478404845691
          ]
        }
      },
      {
        "type": "Feature",
        "properties": {
          "entity": "Text",
          "layer": "我的地点",
          "color": 40,
          "elevation": 0.0,
          "refname": "金沢基地",
          "style": "Standard",
          "text": "金沢基地",
          "type": "10",
          "type_name": "基地",
          "classcode": 100000
        },
        "geometry": {
          "type": "Point",
          "coordinates": [
            136.668446803528695,
            30.5378370568192
          ]
        }
      },
      {
        "type": "Feature",
        "properties": {
          "entity": "Text",
          "layer": "我的地点",
          "color": 18,
          "elevation": 0.0,
          "refname": "乌达姆普尔大型军事基地5#",
          "style": "Standard",
          "text": "乌达姆普尔大型军事基地5#",
          "type": "1003",
          "type_name": "军事基地",
          "classcode": 100000
        },
        "geometry": {
          "type": "Point",
          "coordinates": [
            75.116052777777782,
            26.927005555555549
          ]
        }
      },
      {
        "type": "Feature",
        "properties": {
          "entity": "Text",
          "layer": "我的地点",
          "color": 18,
          "elevation": 0.0,
          "refname": "贾拉哈里大型军事基地",
          "style": "Standard",
          "text": "贾拉哈里大型军事基地",
          "type": "1003",
          "type_name": "军事基地",
          "classcode": 100000
        },
        "geometry": {
          "type": "Point",
          "coordinates": [
            77.526866666666663,
            7.05393611111111
          ]
        }
      },
      {
        "type": "Feature",
        "properties": {
          "entity": "Text",
          "layer": "我的地点",
          "color": 254,
          "elevation": 0.0,
          "refname": "船越基地",
          "style": "Standard",
          "text": "船越基地",
          "type": "10",
          "type_name": "基地",
          "classcode": 100000
        },
        "geometry": {
          "type": "Point",
          "coordinates": [
            139.637029733111802,
            29.301555814744521
          ]
        }
      },
      {
        "type": "Feature",
        "properties": {
          "entity": "Text",
          "layer": "我的地点",
          "color": 40,
          "elevation": 0.0,
          "refname": "対马基地",
          "style": "Standard",
          "text": "対马基地",
          "type": "10",
          "type_name": "基地",
          "classcode": 100000
        },
        "geometry": {
          "type": "Point",
          "coordinates": [
            129.288691621844691,
            28.217090283682669
          ]
        }
      },
      {
        "type": "Feature",
        "properties": {
          "entity": "Text",
          "layer": "我的地点",
          "color": 40,
          "elevation": 0.0,
          "refname": "玖珠基地",
          "style": "Standard",
          "text": "玖珠基地",
          "type": "10",
          "type_name": "基地",
          "classcode": 100000
        },
        "geometry": {
          "type": "Point",
          "coordinates": [
            131.147267305558699,
            27.291890812701329
          ]
        }
      },
      {
        "type": "Feature",
        "properties": {
          "entity": "Text",
          "layer": "我的地点",
          "color": 18,
          "elevation": 0.0,
          "refname": "美国迈诺特基地",
          "style": "Standard",
          "text": "美国迈诺特基地",
          "type": "10",
          "type_name": "基地",
          "classcode": 100000
        },
        "geometry": {
          "type": "Point",
          "coordinates": [
            -93.665837043352496,
            26.498402956520501
          ]
        }
      },
      {
        "type": "Feature",
        "properties": {
          "entity": "Text",
          "layer": "我的地点",
          "color": 18,
          "elevation": 0.0,
          "refname": "佐世保基地",
          "style": "Standard",
          "text": "佐世保基地",
          "type": "10",
          "type_name": "基地",
          "classcode": 100000
        },
        "geometry": {
          "type": "Point",
          "coordinates": [
            129.719630052130412,
            27.170052297789439
          ]
        }
      },
      {
        "type": "Feature",
        "properties": {
          "entity": "Text",
          "layer": "我的地点",
          "color": 18,
          "elevation": 0.0,
          "refname": "吴基地",
          "style": "Standard",
          "text": "吴基地",
          "type": "10",
          "type_name": "基地",
          "classcode": 100000
        },
        "geometry": {
          "type": "Point",
          "coordinates": [
            132.234160415448912,
            28.14439825848444
          ]
        }
      },
      {
        "type": "Feature",
        "properties": {
          "entity": "Text",
          "layer": "我的地点",
          "color": 18,
          "elevation": 0.0,
          "refname": "横须贺基地",
          "style": "Standard",
          "text": "横须贺基地",
          "type": "10",
          "type_name": "基地",
          "classcode": 100000
        },
        "geometry": {
          "type": "Point",
          "coordinates": [
            139.657801356014005,
            29.288179068799302
          ]
        }
      },
      {
        "type": "Feature",
        "properties": {
          "entity": "Text",
          "layer": "我的地点",
          "color": 40,
          "elevation": 0.0,
          "refname": "小仓基地",
          "style": "Standard",
          "text": "小仓基地",
          "type": "10",
          "type_name": "基地",
          "classcode": 100000
        },
        "geometry": {
          "type": "Point",
          "coordinates": [
            130.881835080101212,
            27.843405965881502
          ]
        }
      },
      {
        "type": "Feature",
        "properties": {
          "entity": "Text",
          "layer": "我的地点",
          "color": 40,
          "elevation": 0.0,
          "refname": "胜连基地",
          "style": "Standard",
          "text": "胜连基地",
          "type": "10",
          "type_name": "基地",
          "classcode": 100000
        },
        "geometry": {
          "type": "Point",
          "coordinates": [
            127.920333296788499,
            20.297245932789099
          ]
        }
      },
      {
        "type": "Feature",
        "properties": {
          "entity": "Text",
          "layer": "我的地点",
          "color": 40,
          "elevation": 0.0,
          "refname": "豊川基地",
          "style": "Standard",
          "text": "豊川基地",
          "type": "10",
          "type_name": "基地",
          "classcode": 100000
        },
        "geometry": {
          "type": "Point",
          "coordinates": [
            137.37962211276411,
            28.830921692050872
          ]
        }
      },
      {
        "type": "Feature",
        "properties": {
          "entity": "Text",
          "layer": "我的地点",
          "color": 40,
          "elevation": 0.0,
          "refname": "健军基地  西部总监部",
          "style": "Standard",
          "text": "健军基地  西部总监部",
          "type": "10",
          "type_name": "基地",
          "classcode": 100000
        },
        "geometry": {
          "type": "Point",
          "coordinates": [
            130.764005479184505,
            26.789869892681121
          ]
        }
      },
      {
        "type": "Feature",
        "properties": {
          "entity": "Text",
          "layer": "我的地点",
          "color": 40,
          "elevation": 0.0,
          "refname": "鸟栖基地",
          "style": "Standard",
          "text": "鸟栖基地",
          "type": "10",
          "type_name": "基地",
          "classcode": 100000
        },
        "geometry": {
          "type": "Point",
          "coordinates": [
            130.479243731742002,
            27.364811504026651
          ]
        }
      },
      {
        "type": "Feature",
        "properties": {
          "entity": "Text",
          "layer": "我的地点",
          "color": 40,
          "elevation": 0.0,
          "refname": "富野基地",
          "style": "Standard",
          "text": "富野基地",
          "type": "10",
          "type_name": "基地",
          "classcode": 100000
        },
        "geometry": {
          "type": "Point",
          "coordinates": [
            130.916669641043313,
            27.868805493085809
          ]
        }
      },
      {
        "type": "Feature",
        "properties": {
          "entity": "Text",
          "layer": "我的地点",
          "color": 40,
          "elevation": 0.0,
          "refname": "城野基地",
          "style": "Standard",
          "text": "城野基地",
          "type": "10",
          "type_name": "基地",
          "classcode": 100000
        },
        "geometry": {
          "type": "Point",
          "coordinates": [
            130.888692841663101,
            27.860341796535788
          ]
        }
      },
      {
        "type": "Feature",
        "properties": {
          "entity": "Text",
          "layer": "我的地点",
          "color": 40,
          "elevation": 0.0,
          "refname": "防府基地",
          "style": "Standard",
          "text": "防府基地",
          "type": "10",
          "type_name": "基地",
          "classcode": 100000
        },
        "geometry": {
          "type": "Point",
          "coordinates": [
            131.537704695693805,
            28.03101004634021
          ]
        }
      },
      {
        "type": "Feature",
        "properties": {
          "entity": "Text",
          "layer": "我的地点",
          "color": 40,
          "elevation": 0.0,
          "refname": "日本塬基地",
          "style": "Standard",
          "text": "日本塬基地",
          "type": "10",
          "type_name": "基地",
          "classcode": 100000
        },
        "geometry": {
          "type": "Point",
          "coordinates": [
            134.153772221750501,
            29.11548180766113
          ]
        }
      },
      {
        "type": "Feature",
        "properties": {
          "entity": "Text",
          "layer": "我的地点",
          "color": 40,
          "elevation": 0.0,
          "refname": "山口基地",
          "style": "Standard",
          "text": "山口基地",
          "type": "10",
          "type_name": "基地",
          "classcode": 100000
        },
        "geometry": {
          "type": "Point",
          "coordinates": [
            131.485642524431711,
            28.187695834187888
          ]
        }
      },
      {
        "type": "Feature",
        "properties": {
          "entity": "Text",
          "layer": "我的地点",
          "color": 40,
          "elevation": 0.0,
          "refname": "出云基地",
          "style": "Standard",
          "text": "出云基地",
          "type": "10",
          "type_name": "基地",
          "classcode": 100000
        },
        "geometry": {
          "type": "Point",
          "coordinates": [
            132.713245323520511,
            29.36997471214973
          ]
        }
      },
      {
        "type": "Feature",
        "properties": {
          "entity": "Text",
          "layer": "我的地点",
          "color": 40,
          "elevation": 0.0,
          "refname": "米子基地",
          "style": "Standard",
          "text": "米子基地",
          "type": "10",
          "type_name": "基地",
          "classcode": 100000
        },
        "geometry": {
          "type": "Point",
          "coordinates": [
            133.330922805262901,
            29.461039797589368
          ]
        }
      },
      {
        "type": "Feature",
        "properties": {
          "entity": "Text",
          "layer": "我的地点",
          "color": 40,
          "elevation": 0.0,
          "refname": "海田基地",
          "style": "Standard",
          "text": "海田基地",
          "type": "10",
          "type_name": "基地",
          "classcode": 100000
        },
        "geometry": {
          "type": "Point",
          "coordinates": [
            132.529808076415009,
            28.35947041158423
          ]
        }
      },
      {
        "type": "Feature",
        "properties": {
          "entity": "Text",
          "layer": "我的地点",
          "color": 40,
          "elevation": 0.0,
          "refname": "高知基地",
          "style": "Standard",
          "text": "高知基地",
          "type": "10",
          "type_name": "基地",
          "classcode": 100000
        },
        "geometry": {
          "type": "Point",
          "coordinates": [
            133.737612740473907,
            27.541330293737939
          ]
        }
      },
      {
        "type": "Feature",
        "properties": {
          "entity": "Text",
          "layer": "我的地点",
          "color": 40,
          "elevation": 0.0,
          "refname": "松山基地",
          "style": "Standard",
          "text": "松山基地",
          "type": "10",
          "type_name": "基地",
          "classcode": 100000
        },
        "geometry": {
          "type": "Point",
          "coordinates": [
            132.848406045003998,
            27.801427051044492
          ]
        }
      },
      {
        "type": "Feature",
        "properties": {
          "entity": "Text",
          "layer": "我的地点",
          "color": 40,
          "elevation": 0.0,
          "refname": "善通寺基地",
          "style": "Standard",
          "text": "善通寺基地",
          "type": "10",
          "type_name": "基地",
          "classcode": 100000
        },
        "geometry": {
          "type": "Point",
          "coordinates": [
            133.777789580437599,
            28.220767988166319
          ]
        }
      },
      {
        "type": "Feature",
        "properties": {
          "entity": "Text",
          "layer": "我的地点",
          "color": 40,
          "elevation": 0.0,
          "refname": "叁宿基地",
          "style": "Standard",
          "text": "叁宿基地",
          "type": "10",
          "type_name": "基地",
          "classcode": 100000
        },
        "geometry": {
          "type": "Point",
          "coordinates": [
            139.683906161110599,
            29.645781003046849
          ]
        }
      },
      {
        "type": "Feature",
        "properties": {
          "entity": "Text",
          "layer": "我的地点",
          "color": 40,
          "elevation": 0.0,
          "refname": "小平基地",
          "style": "Standard",
          "text": "小平基地",
          "type": "10",
          "type_name": "基地",
          "classcode": 100000
        },
        "geometry": {
          "type": "Point",
          "coordinates": [
            139.482606828282911,
            29.720868595492242
          ]
        }
      },
      {
        "type": "Feature",
        "properties": {
          "entity": "Text",
          "layer": "我的地点",
          "color": 40,
          "elevation": 0.0,
          "refname": "古河基地",
          "style": "Standard",
          "text": "古河基地",
          "type": "10",
          "type_name": "基地",
          "classcode": 100000
        },
        "geometry": {
          "type": "Point",
          "coordinates": [
            139.725832595652804,
            30.18290372797723
          ]
        }
      },
      {
        "type": "Feature",
        "properties": {
          "entity": "Text",
          "layer": "我的地点",
          "color": 40,
          "elevation": 0.0,
          "refname": "朝日基地",
          "style": "Standard",
          "text": "朝日基地",
          "type": "10",
          "type_name": "基地",
          "classcode": 100000
        },
        "geometry": {
          "type": "Point",
          "coordinates": [
            140.179751008058389,
            30.029692732942841
          ]
        }
      },
      {
        "type": "Feature",
        "properties": {
          "entity": "Text",
          "layer": "我的地点",
          "color": 40,
          "elevation": 0.0,
          "refname": "滝塬基地",
          "style": "Standard",
          "text": "滝塬基地",
          "type": "10",
          "type_name": "基地",
          "classcode": 100000
        },
        "geometry": {
          "type": "Point",
          "coordinates": [
            138.877243123936211,
            29.32298158970621
          ]
        }
      },
      {
        "type": "Feature",
        "properties": {
          "entity": "Text",
          "layer": "我的地点",
          "color": 40,
          "elevation": 0.0,
          "refname": "富士基地",
          "style": "Standard",
          "text": "富士基地",
          "type": "10",
          "type_name": "基地",
          "classcode": 100000
        },
        "geometry": {
          "type": "Point",
          "coordinates": [
            138.858891216147811,
            29.357369231265459
          ]
        }
      },
      {
        "type": "Feature",
        "properties": {
          "entity": "Text",
          "layer": "我的地点",
          "color": 40,
          "elevation": 0.0,
          "refname": "习志野基地",
          "style": "Standard",
          "text": "习志野基地",
          "type": "10",
          "type_name": "基地",
          "classcode": 100000
        },
        "geometry": {
          "type": "Point",
          "coordinates": [
            140.052831165631005,
            29.71119544039243
          ]
        }
      },
      {
        "type": "Feature",
        "properties": {
          "entity": "Text",
          "layer": "我的地点",
          "color": 40,
          "elevation": 0.0,
          "refname": "下志津基地",
          "style": "Standard",
          "text": "下志津基地",
          "type": "10",
          "type_name": "基地",
          "classcode": 100000
        },
        "geometry": {
          "type": "Point",
          "coordinates": [
            140.147263007560895,
            29.65103707001629
          ]
        }
      },
      {
        "type": "Feature",
        "properties": {
          "entity": "Text",
          "layer": "我的地点",
          "color": 40,
          "elevation": 0.0,
          "refname": "东立川基地",
          "style": "Standard",
          "text": "东立川基地",
          "type": "10",
          "type_name": "基地",
          "classcode": 100000
        },
        "geometry": {
          "type": "Point",
          "coordinates": [
            139.428914505701613,
            29.704834712710579
          ]
        }
      },
      {
        "type": "Feature",
        "properties": {
          "entity": "Text",
          "layer": "我的地点",
          "color": 40,
          "elevation": 0.0,
          "refname": "松戸基地",
          "style": "Standard",
          "text": "松戸基地",
          "type": "10",
          "type_name": "基地",
          "classcode": 100000
        },
        "geometry": {
          "type": "Point",
          "coordinates": [
            139.973546866199001,
            29.787858268688439
          ]
        }
      },
      {
        "type": "Feature",
        "properties": {
          "entity": "Text",
          "layer": "我的地点",
          "color": 40,
          "elevation": 0.0,
          "refname": "用贺基地",
          "style": "Standard",
          "text": "用贺基地",
          "type": "10",
          "type_name": "基地",
          "classcode": 100000
        },
        "geometry": {
          "type": "Point",
          "coordinates": [
            139.637227391011891,
            29.633379313212359
          ]
        }
      },
      {
        "type": "Feature",
        "properties": {
          "entity": "Text",
          "layer": "我的地点",
          "color": 40,
          "elevation": 0.0,
          "refname": "朝霞基地 东部方面队总部",
          "style": "Standard",
          "text": "朝霞基地 东部方面队总部",
          "type": "10",
          "type_name": "基地",
          "classcode": 100000
        },
        "geometry": {
          "type": "Point",
          "coordinates": [
            139.594180697011893,
            29.78190264996098
          ]
        }
      },
      {
        "type": "Feature",
        "properties": {
          "entity": "Text",
          "layer": "我的地点",
          "color": 40,
          "elevation": 0.0,
          "refname": "北富士基地",
          "style": "Standard",
          "text": "北富士基地",
          "type": "10",
          "type_name": "基地",
          "classcode": 100000
        },
        "geometry": {
          "type": "Point",
          "coordinates": [
            138.826443407150009,
            29.450806957710071
          ]
        }
      },
      {
        "type": "Feature",
        "properties": {
          "entity": "Text",
          "layer": "我的地点",
          "color": 40,
          "elevation": 0.0,
          "refname": "驹门基地",
          "style": "Standard",
          "text": "驹门基地",
          "type": "10",
          "type_name": "基地",
          "classcode": 100000
        },
        "geometry": {
          "type": "Point",
          "coordinates": [
            138.913517317588401,
            29.247057769851331
          ]
        }
      },
      {
        "type": "Feature",
        "properties": {
          "entity": "Text",
          "layer": "我的地点",
          "color": 40,
          "elevation": 0.0,
          "refname": "板妻基地",
          "style": "Standard",
          "text": "板妻基地",
          "type": "10",
          "type_name": "基地",
          "classcode": 100000
        },
        "geometry": {
          "type": "Point",
          "coordinates": [
            138.909365902012411,
            29.29770423777795
          ]
        }
      },
      {
        "type": "Feature",
        "properties": {
          "entity": "Text",
          "layer": "我的地点",
          "color": 40,
          "elevation": 0.0,
          "refname": "大宫基地",
          "style": "Standard",
          "text": "大宫基地",
          "type": "10",
          "type_name": "基地",
          "classcode": 100000
        },
        "geometry": {
          "type": "Point",
          "coordinates": [
            139.600109353909005,
            29.919732793248169
          ]
        }
      },
      {
        "type": "Feature",
        "properties": {
          "entity": "Text",
          "layer": "我的地点",
          "color": 40,
          "elevation": 0.0,
          "refname": "胜田基地",
          "style": "Standard",
          "text": "胜田基地",
          "type": "10",
          "type_name": "基地",
          "classcode": 100000
        },
        "geometry": {
          "type": "Point",
          "coordinates": [
            140.528740610822695,
            30.382436520764209
          ]
        }
      },
      {
        "type": "Feature",
        "properties": {
          "entity": "Text",
          "layer": "我的地点",
          "color": 40,
          "elevation": 0.0,
          "refname": "练马基地 第1师团",
          "style": "Standard",
          "text": "练马基地 第1师团",
          "type": "10",
          "type_name": "基地",
          "classcode": 100000
        },
        "geometry": {
          "type": "Point",
          "coordinates": [
            139.659283252558794,
            29.763973234998229
          ]
        }
      },
      {
        "type": "Feature",
        "properties": {
          "entity": "Text",
          "layer": "我的地点",
          "color": 40,
          "elevation": 0.0,
          "refname": "船冈基地",
          "style": "Standard",
          "text": "船冈基地",
          "type": "10",
          "type_name": "基地",
          "classcode": 100000
        },
        "geometry": {
          "type": "Point",
          "coordinates": [
            140.772970774236001,
            32.046203656558049
          ]
        }
      },
      {
        "type": "Feature",
        "properties": {
          "entity": "Text",
          "layer": "我的地点",
          "color": 40,
          "elevation": 0.0,
          "refname": "秋田基地",
          "style": "Standard",
          "text": "秋田基地",
          "type": "10",
          "type_name": "基地",
          "classcode": 100000
        },
        "geometry": {
          "type": "Point",
          "coordinates": [
            140.065123970424992,
            33.770450360923732
          ]
        }
      },
      {
        "type": "Feature",
        "properties": {
          "entity": "Text",
          "layer": "我的地点",
          "color": 40,
          "elevation": 0.0,
          "refname": "淹泽基地",
          "style": "Standard",
          "text": "淹泽基地",
          "type": "10",
          "type_name": "基地",
          "classcode": 100000
        },
        "geometry": {
          "type": "Point",
          "coordinates": [
            141.105781016231788,
            33.838284296559223
          ]
        }
      },
      {
        "type": "Feature",
        "properties": {
          "entity": "Text",
          "layer": "我的地点",
          "color": 40,
          "elevation": 0.0,
          "refname": "弘前基地",
          "style": "Standard",
          "text": "弘前基地",
          "type": "10",
          "type_name": "基地",
          "classcode": 100000
        },
        "geometry": {
          "type": "Point",
          "coordinates": [
            140.459999332511188,
            34.566755378492068
          ]
        }
      },
      {
        "type": "Feature",
        "properties": {
          "entity": "Text",
          "layer": "我的地点",
          "color": 40,
          "elevation": 0.0,
          "refname": "青森基地 师团部",
          "style": "Standard",
          "text": "青森基地 师团部",
          "type": "10",
          "type_name": "基地",
          "classcode": 100000
        },
        "geometry": {
          "type": "Point",
          "coordinates": [
            140.710047937148204,
            34.811972218669119
          ]
        }
      },
      {
        "type": "Feature",
        "properties": {
          "entity": "Text",
          "layer": "我的地点",
          "color": 40,
          "elevation": 0.0,
          "refname": "八户基地",
          "style": "Standard",
          "text": "八户基地",
          "type": "10",
          "type_name": "基地",
          "classcode": 100000
        },
        "geometry": {
          "type": "Point",
          "coordinates": [
            141.454451104463004,
            34.55542239428604
          ]
        }
      },
      {
        "type": "Feature",
        "properties": {
          "entity": "Text",
          "layer": "我的地点",
          "color": 40,
          "elevation": 0.0,
          "refname": "岩见沢基地",
          "style": "Standard",
          "text": "岩见沢基地",
          "type": "10",
          "type_name": "基地",
          "classcode": 100000
        },
        "geometry": {
          "type": "Point",
          "coordinates": [
            141.811833712362187,
            37.22315674804566
          ]
        }
      },
      {
        "type": "Feature",
        "properties": {
          "entity": "Text",
          "layer": "我的地点",
          "color": 40,
          "elevation": 0.0,
          "refname": "丘珠基地",
          "style": "Standard",
          "text": "丘珠基地",
          "type": "10",
          "type_name": "基地",
          "classcode": 100000
        },
        "geometry": {
          "type": "Point",
          "coordinates": [
            141.376259024333308,
            37.113818100681279
          ]
        }
      },
      {
        "type": "Feature",
        "properties": {
          "entity": "Text",
          "layer": "我的地点",
          "color": 40,
          "elevation": 0.0,
          "refname": "函馆基地",
          "style": "Standard",
          "text": "函馆基地",
          "type": "10",
          "type_name": "基地",
          "classcode": 100000
        },
        "geometry": {
          "type": "Point",
          "coordinates": [
            140.768683947727197,
            35.778803486167831
          ]
        }
      },
      {
        "type": "Feature",
        "properties": {
          "entity": "Text",
          "layer": "我的地点",
          "color": 40,
          "elevation": 0.0,
          "refname": "倶知安基地",
          "style": "Standard",
          "text": "倶知安基地",
          "type": "10",
          "type_name": "基地",
          "classcode": 100000
        },
        "geometry": {
          "type": "Point",
          "coordinates": [
            140.754956375996187,
            36.878845789950077
          ]
        }
      },
      {
        "type": "Feature",
        "properties": {
          "entity": "Text",
          "layer": "我的地点",
          "color": 40,
          "elevation": 0.0,
          "refname": "滝川基地",
          "style": "Standard",
          "text": "滝川基地",
          "type": "10",
          "type_name": "基地",
          "classcode": 100000
        },
        "geometry": {
          "type": "Point",
          "coordinates": [
            141.902307747052191,
            37.577036958324783
          ]
        }
      },
      {
        "type": "Feature",
        "properties": {
          "entity": "Text",
          "layer": "我的地点",
          "color": 40,
          "elevation": 0.0,
          "refname": "札幌基地",
          "style": "Standard",
          "text": "札幌基地",
          "type": "10",
          "type_name": "基地",
          "classcode": 100000
        },
        "geometry": {
          "type": "Point",
          "coordinates": [
            141.346501452847207,
            37.024908483943662
          ]
        }
      },
      {
        "type": "Feature",
        "properties": {
          "entity": "Text",
          "layer": "我的地点",
          "color": 40,
          "elevation": 0.0,
          "refname": "静内基地",
          "style": "Standard",
          "text": "静内基地",
          "type": "10",
          "type_name": "基地",
          "classcode": 100000
        },
        "geometry": {
          "type": "Point",
          "coordinates": [
            142.439706495732395,
            36.3087890020443
          ]
        }
      },
      {
        "type": "Feature",
        "properties": {
          "entity": "Text",
          "layer": "我的地点",
          "color": 40,
          "elevation": 0.0,
          "refname": "幌别基地",
          "style": "Standard",
          "text": "幌别基地",
          "type": "10",
          "type_name": "基地",
          "classcode": 100000
        },
        "geometry": {
          "type": "Point",
          "coordinates": [
            141.086777641194914,
            36.397935567335693
          ]
        }
      },
      {
        "type": "Feature",
        "properties": {
          "entity": "Text",
          "layer": "我的地点",
          "color": 40,
          "elevation": 0.0,
          "refname": "南惠亭基地",
          "style": "Standard",
          "text": "南惠亭基地",
          "type": "10",
          "type_name": "基地",
          "classcode": 100000
        },
        "geometry": {
          "type": "Point",
          "coordinates": [
            141.572041527085304,
            36.858636590353008
          ]
        }
      },
      {
        "type": "Feature",
        "properties": {
          "entity": "Text",
          "layer": "我的地点",
          "color": 40,
          "elevation": 0.0,
          "refname": "岛松基地",
          "style": "Standard",
          "text": "岛松基地",
          "type": "10",
          "type_name": "基地",
          "classcode": 100000
        },
        "geometry": {
          "type": "Point",
          "coordinates": [
            141.559413453052201,
            36.913409596478843
          ]
        }
      },
      {
        "type": "Feature",
        "properties": {
          "entity": "Text",
          "layer": "我的地点",
          "color": 40,
          "elevation": 0.0,
          "refname": "北恵庭基地",
          "style": "Standard",
          "text": "北恵庭基地",
          "type": "10",
          "type_name": "基地",
          "classcode": 100000
        },
        "geometry": {
          "type": "Point",
          "coordinates": [
            141.556877888629288,
            36.889500028268877
          ]
        }
      },
      {
        "type": "Feature",
        "properties": {
          "entity": "Text",
          "layer": "我的地点",
          "color": 40,
          "elevation": 0.0,
          "refname": "北千岁基地",
          "style": "Standard",
          "text": "北千岁基地",
          "type": "10",
          "type_name": "基地",
          "classcode": 100000
        },
        "geometry": {
          "type": "Point",
          "coordinates": [
            141.622959740463699,
            36.826322946868139
          ]
        }
      },
      {
        "type": "Feature",
        "properties": {
          "entity": "Text",
          "layer": "我的地点",
          "color": 18,
          "elevation": 0.0,
          "refname": "拉加欧里军用机场",
          "style": "Standard",
          "text": "拉加欧里军用机场",
          "type": "2001",
          "type_name": "军用机场",
          "classcode": 110000
        },
        "geometry": {
          "type": "Point",
          "coordinates": [
            74.315269444444439,
            27.377205555555559
          ]
        }
      },
      {
        "type": "Feature",
        "properties": {
          "entity": "Text",
          "layer": "我的地点",
          "color": 40,
          "elevation": 0.0,
          "refname": "标津基地",
          "style": "Standard",
          "text": "标津基地",
          "type": "10",
          "type_name": "基地",
          "classcode": 100000
        },
        "geometry": {
          "type": "Point",
          "coordinates": [
            145.124785201810795,
            37.652072775090929
          ]
        }
      },
      {
        "type": "Feature",
        "properties": {
          "entity": "Text",
          "layer": "我的地点",
          "color": 254,
          "elevation": 0.0,
          "refname": "坂神基地队",
          "style": "Standard",
          "text": "坂神基地队",
          "type": "10",
          "type_name": "基地",
          "classcode": 100000
        },
        "geometry": {
          "type": "Point",
          "coordinates": [
            135.286216337646607,
            28.70498694392144
          ]
        }
      },
      {
        "type": "Feature",
        "properties": {
          "entity": "Text",
          "layer": "我的地点",
          "color": 40,
          "elevation": 0.0,
          "refname": "川西基地",
          "style": "Standard",
          "text": "川西基地",
          "type": "10",
          "type_name": "基地",
          "classcode": 100000
        },
        "geometry": {
          "type": "Point",
          "coordinates": [
            135.402626603912296,
            28.80771866356605
          ]
        }
      },
      {
        "type": "Feature",
        "properties": {
          "entity": "Text",
          "layer": "我的地点",
          "color": 18,
          "elevation": 0.0,
          "refname": "清川康 军用机场",
          "style": "Standard",
          "text": "清川康 军用机场",
          "type": "2001",
          "type_name": "军用机场",
          "classcode": 110000
        },
        "geometry": {
          "type": "Point",
          "coordinates": [
            120.630786569008805,
            18.263837236191112
          ]
        }
      },
      {
        "type": "Feature",
        "properties": {
          "entity": "Text",
          "layer": "我的地点",
          "color": 40,
          "elevation": 0.0,
          "refname": "别海基地",
          "style": "Standard",
          "text": "别海基地",
          "type": "10",
          "type_name": "基地",
          "classcode": 100000
        },
        "geometry": {
          "type": "Point",
          "coordinates": [
            144.746459653565609,
            37.428899569749802
          ]
        }
      },
      {
        "type": "Feature",
        "properties": {
          "entity": "Text",
          "layer": "我的地点",
          "color": 40,
          "elevation": 0.0,
          "refname": "鹿追基地",
          "style": "Standard",
          "text": "鹿追基地",
          "type": "10",
          "type_name": "基地",
          "classcode": 100000
        },
        "geometry": {
          "type": "Point",
          "coordinates": [
            143.000212790641513,
            37.147441483592893
          ]
        }
      },
      {
        "type": "Feature",
        "properties": {
          "entity": "Text",
          "layer": "我的地点",
          "color": 40,
          "elevation": 0.0,
          "refname": "美幌基地",
          "style": "Standard",
          "text": "美幌基地",
          "type": "10",
          "type_name": "基地",
          "classcode": 100000
        },
        "geometry": {
          "type": "Point",
          "coordinates": [
            144.174773491339209,
            37.830311599846382
          ]
        }
      },
      {
        "type": "Feature",
        "properties": {
          "entity": "Text",
          "layer": "我的地点",
          "color": 40,
          "elevation": 0.0,
          "refname": "钏路基地",
          "style": "Standard",
          "text": "钏路基地",
          "type": "10",
          "type_name": "基地",
          "classcode": 100000
        },
        "geometry": {
          "type": "Point",
          "coordinates": [
            144.45387029666341,
            37.012804692188332
          ]
        }
      },
      {
        "type": "Feature",
        "properties": {
          "entity": "Text",
          "layer": "我的地点",
          "color": 40,
          "elevation": 0.0,
          "refname": "滝川基地",
          "style": "Standard",
          "text": "滝川基地",
          "type": "10",
          "type_name": "基地",
          "classcode": 100000
        },
        "geometry": {
          "type": "Point",
          "coordinates": [
            141.901406729699886,
            37.577925641807873
          ]
        }
      },
      {
        "type": "Feature",
        "properties": {
          "entity": "Text",
          "layer": "我的地点",
          "color": 40,
          "elevation": 0.0,
          "refname": "旭川基地 师团部",
          "style": "Standard",
          "text": "旭川基地 师团部",
          "type": "10",
          "type_name": "基地",
          "classcode": 100000
        },
        "geometry": {
          "type": "Point",
          "coordinates": [
            142.362204499353197,
            37.794708471950962
          ]
        }
      },
      {
        "type": "Feature",
        "properties": {
          "entity": "Text",
          "layer": "我的地点",
          "color": 40,
          "elevation": 0.0,
          "refname": "名寄基地",
          "style": "Standard",
          "text": "名寄基地",
          "type": "10",
          "type_name": "基地",
          "classcode": 100000
        },
        "geometry": {
          "type": "Point",
          "coordinates": [
            142.436660104040186,
            38.39831458553293
          ]
        }
      },
      {
        "type": "Feature",
        "properties": {
          "entity": "Text",
          "layer": "我的地点",
          "color": 40,
          "elevation": 0.0,
          "refname": "留萌基地",
          "style": "Standard",
          "text": "留萌基地",
          "type": "10",
          "type_name": "基地",
          "classcode": 100000
        },
        "geometry": {
          "type": "Point",
          "coordinates": [
            141.668760924970911,
            37.931731574789133
          ]
        }
      },
      {
        "type": "Feature",
        "properties": {
          "entity": "Text",
          "layer": "我的地点",
          "color": 40,
          "elevation": 0.0,
          "refname": "远軽基地",
          "style": "Standard",
          "text": "远軽基地",
          "type": "10",
          "type_name": "基地",
          "classcode": 100000
        },
        "geometry": {
          "type": "Point",
          "coordinates": [
            143.546427063433811,
            38.054014155502571
          ]
        }
      },
      {
        "type": "Feature",
        "properties": {
          "entity": "Text",
          "layer": "我的地点",
          "color": 40,
          "elevation": 0.0,
          "refname": "上富良野基地",
          "style": "Standard",
          "text": "上富良野基地",
          "type": "10",
          "type_name": "基地",
          "classcode": 100000
        },
        "geometry": {
          "type": "Point",
          "coordinates": [
            142.467814606369586,
            37.448927370258843
          ]
        }
      },
      {
        "type": "Feature",
        "properties": {
          "entity": "Text",
          "layer": "我的地点",
          "color": 40,
          "elevation": 0.0,
          "refname": "稚内基地",
          "style": "Standard",
          "text": "稚内基地",
          "type": "10",
          "type_name": "基地",
          "classcode": 100000
        },
        "geometry": {
          "type": "Point",
          "coordinates": [
            141.65387500570759,
            39.437746902290357
          ]
        }
      },
      {
        "type": "Feature",
        "properties": {
          "entity": "Text",
          "layer": "我的地点",
          "color": 40,
          "elevation": 0.0,
          "refname": "礼文基地",
          "style": "Standard",
          "text": "礼文基地",
          "type": "10",
          "type_name": "基地",
          "classcode": 100000
        },
        "geometry": {
          "type": "Point",
          "coordinates": [
            141.049853480822208,
            39.437159420651682
          ]
        }
      },
      {
        "type": "Feature",
        "properties": {
          "entity": "Text",
          "layer": "我的地点",
          "color": 40,
          "elevation": 0.0,
          "refname": "武山基地",
          "style": "Standard",
          "text": "武山基地",
          "type": "10",
          "type_name": "基地",
          "classcode": 100000
        },
        "geometry": {
          "type": "Point",
          "coordinates": [
            139.628429473164687,
            29.214991521658369
          ]
        }
      },
      {
        "type": "Feature",
        "properties": {
          "entity": "Text",
          "layer": "我的地点",
          "color": 40,
          "elevation": 0.0,
          "refname": "久里浜基地",
          "style": "Standard",
          "text": "久里浜基地",
          "type": "10",
          "type_name": "基地",
          "classcode": 100000
        },
        "geometry": {
          "type": "Point",
          "coordinates": [
            139.710245966165587,
            29.231545500281211
          ]
        }
      },
      {
        "type": "Feature",
        "properties": {
          "entity": "Text",
          "layer": "我的地点",
          "color": 40,
          "elevation": 0.0,
          "refname": "朝霞基地",
          "style": "Standard",
          "text": "朝霞基地",
          "type": "10",
          "type_name": "基地",
          "classcode": 100000
        },
        "geometry": {
          "type": "Point",
          "coordinates": [
            139.5939678034959,
            29.780948195608179
          ]
        }
      },
      {
        "type": "Feature",
        "properties": {
          "entity": "Text",
          "layer": "我的地点",
          "color": 94,
          "elevation": 0.0,
          "refname": "华盛顿州班戈核潜艇基地",
          "style": "Standard",
          "text": "华盛顿州班戈核潜艇基地",
          "type": "1007",
          "type_name": "潜艇基地",
          "classcode": 100000
        },
        "geometry": {
          "type": "Point",
          "coordinates": [
            -122.728803029919007,
            41.742521515060901
          ]
        }
      },
      {
        "type": "Feature",
        "properties": {
          "entity": "Text",
          "layer": "我的地点",
          "color": 94,
          "elevation": 0.0,
          "refname": "加州巴斯托海军陆战队后勤基地",
          "style": "Standard",
          "text": "加州巴斯托海军陆战队后勤基地",
          "type": "10",
          "type_name": "基地",
          "classcode": 100000
        },
        "geometry": {
          "type": "Point",
          "coordinates": [
            -116.952687202440799,
            28.879003779326641
          ]
        }
      },
      {
        "type": "Feature",
        "properties": {
          "entity": "Text",
          "layer": "我的地点",
          "color": 94,
          "elevation": 0.0,
          "refname": "北卡罗来纳州陆战队基地列尊兵营机枪射击场",
          "style": "Standard",
          "text": "北卡罗来纳州陆战队基地列尊兵营机枪射击场",
          "type": "10",
          "type_name": "基地",
          "classcode": 100000
        },
        "geometry": {
          "type": "Point",
          "coordinates": [
            -77.384444444444412,
            28.642377777777781
          ]
        }
      },
      {
        "type": "Feature",
        "properties": {
          "entity": "Text",
          "layer": "我的地点",
          "color": 94,
          "elevation": 0.0,
          "refname": "北卡罗莱纳州陆战队基地列尊兵营",
          "style": "Standard",
          "text": "北卡罗莱纳州陆战队基地列尊兵营",
          "type": "10",
          "type_name": "基地",
          "classcode": 100000
        },
        "geometry": {
          "type": "Point",
          "coordinates": [
            -77.32991410498947,
            28.657773212513231
          ]
        }
      },
      {
        "type": "Feature",
        "properties": {
          "entity": "Text",
          "layer": "我的地点",
          "color": 94,
          "elevation": 0.0,
          "refname": "维吉尼亚州匡堤科陆战队基地",
          "style": "Standard",
          "text": "维吉尼亚州匡堤科陆战队基地",
          "type": "10",
          "type_name": "基地",
          "classcode": 100000
        },
        "geometry": {
          "type": "Point",
          "coordinates": [
            -77.305208170380197,
            32.514098621743898
          ]
        }
      },
      {
        "type": "Feature",
        "properties": {
          "entity": "Text",
          "layer": "我的地点",
          "color": 94,
          "elevation": 0.0,
          "refname": "夏威夷陆战队基地",
          "style": "Standard",
          "text": "夏威夷陆战队基地",
          "type": "10",
          "type_name": "基地",
          "classcode": 100000
        },
        "geometry": {
          "type": "Point",
          "coordinates": [
            -157.76460277777781,
            15.44878055555556
          ]
        }
      },
      {
        "type": "Feature",
        "properties": {
          "entity": "Text",
          "layer": "我的地点",
          "color": 18,
          "elevation": 0.0,
          "refname": "阿格拉空军基地",
          "style": "Standard",
          "text": "阿格拉空军基地",
          "type": "1002",
          "type_name": "空军基地",
          "classcode": 100000
        },
        "geometry": {
          "type": "Point",
          "coordinates": [
            77.960947222222217,
            21.15733611111111
          ]
        }
      },
      {
        "type": "Feature",
        "properties": {
          "entity": "Text",
          "layer": "我的地点",
          "color": 18,
          "elevation": 0.0,
          "refname": "乌山空军基地",
          "style": "Standard",
          "text": "乌山空军基地",
          "type": "1002",
          "type_name": "空军基地",
          "classcode": 100000
        },
        "geometry": {
          "type": "Point",
          "coordinates": [
            127.029681954050602,
            31.08680287892982
          ]
        }
      },
      {
        "type": "Feature",
        "properties": {
          "entity": "Text",
          "layer": "我的地点",
          "color": 18,
          "elevation": 0.0,
          "refname": "水塬空军基地",
          "style": "Standard",
          "text": "水塬空军基地",
          "type": "1002",
          "type_name": "空军基地",
          "classcode": 100000
        },
        "geometry": {
          "type": "Point",
          "coordinates": [
            127.001567478471898,
            31.240361307153051
          ]
        }
      },
      {
        "type": "Feature",
        "properties": {
          "entity": "Text",
          "layer": "我的地点",
          "color": 18,
          "elevation": 0.0,
          "refname": "群山空军基地",
          "style": "Standard",
          "text": "群山空军基地",
          "type": "1002",
          "type_name": "空军基地",
          "classcode": 100000
        },
        "geometry": {
          "type": "Point",
          "coordinates": [
            126.619931138713795,
            29.90741273448997
          ]
        }
      },
      {
        "type": "Feature",
        "properties": {
          "entity": "Text",
          "layer": "我的地点",
          "color": 51,
          "elevation": 0.0,
          "refname": "舞鹤航空基地停机坪",
          "style": "Standard",
          "text": "舞鹤航空基地停机坪",
          "type": "1005",
          "type_name": "航空基地",
          "classcode": 100000
        },
        "geometry": {
          "type": "Point",
          "coordinates": [
            135.377161717050001,
            29.490409724037821
          ]
        }
      }
    ]
  }